seq_id,monotonic_time,t_x,t_y,t_z,R_w,R_x,R_y,R_z,lin_vel_x,lin_vel_y,lin_vel_z,ang_vel_x,ang_vel_y,ang_vel_z,lin_acc_x,lin_acc_y,lin_acc_z
0,0.0,0.0,0.0,0.0,1.0,0.0,0.0,0.0,2.0,0.0,0.0
1,0.01,0.02,0.0,0.0,1.0,0.0,0.0,0.0,2.0,0.0,0.0
2,0.02,0.04,0.0,0.0,1.0,0.0,0.0,0.0,2.0,0.0,0.0
3,0.03,0.06,0.0,0.0,1.0,0.0,0.0,0.0,2.0,0.0,0.0
4,0.04,0.08,0.0,0.0,1.0,0.0,0.0,0.0,2.0,0.0,0.0
5,0.05,0.1,0.0,0.0,1.0,0.0,0.0,0.0,2.0,0.0,0.0
6,0.06,0.12,0.0,0.0,1.0,0.0,0.0,0.0,2.0,0.0,0.0
7,0.07,0.14,0.0,0.0,1.0,0.0,0.0,0.0,2.0,0.0,0.0
8,0.08,0.16,0.0,0.0,1.0,0.0,0.0,0.0,2.0,0.0,0.0
9,0.09,0.18,0.0,0.0,1.0,0.0,0.0,0.0,2.0,0.0,0.0
10,0.1,0.2,0.0,0.0,1.0,0.0,0.0,0.0,2.0,0.0,0.0
11,0.11,0.22,0.0,0.0,1.0,0.0,0.0,0.0,2.0,0.0,0.0
12,0.12,0.24,0.0,0.0,1.0,0.0,0.0,0.0,2.0,0.0,0.0
13,0.13,0.26,0.0,0.0,1.0,0.0,0.0,0.0,2.0,0.0,0.0
14,0.14,0.28,0.0,0.0,1.0,0.0,0.0,0.0,2.0,0.0,0.0
15,0.15,0.3,0.0,0.0,1.0,0.0,0.0,0.0,2.0,0.0,0.0
16,0.16,0.32,0.0,0.0,1.0,0.0,0.0,0.0,2.0,0.0,0.0
17,0.17,0.34,0.0,0.0,1.0,0.0,0.0,0.0,2.0,0.0,0.0
18,0.18,0.36,0.0,0.0,1.0,0.0,0.0,0.0,2.0,0.0,0.0
19,0.19,0.38,0.0,0.0,1.0,0.0,0.0,0.0,2.0,0.0,0.0
20,0.2,0.4,0.0,0.0,1.0,0.0,0.0,0.0,2.0,0.0,0.0
21,0.21,0.42,0.0,0.0,1.0,0.0,0.0,0.0,2.0,0.0,0.0
22,0.22,0.44,0.0,0.0,1.0,0.0,0.0,0.0,2.0,0.0,0.0
23,0.23,0.46,0.0,0.0,1.0,0.0,0.0,0.0,2.0,0.0,0.0
24,0.24,0.48,0.0,0.0,1.0,0.0,0.0,0.0,2.0,0.0,0.0
25,0.25,0.5,0.0,0.0,1.0,0.0,0.0,0.0,2.0,0.0,0.0
26,0.26,0.52,0.0,0.0,1.0,0.0,0.0,0.0,2.0,0.0,0.0
27,0.27,0.54,0.0,0.0,1.0,0.0,0.0,0.0,2.0,0.0,0.0
28,0.28,0.56,0.0,0.0,1.0,0.0,0.0,0.0,2.0,0.0,0.0
29,0.29,0.58,0.0,0.0,1.0,0.0,0.0,0.0,2.0,0.0,0.0
30,0.3,0.6,0.0,0.0,1.0,0.0,0.0,0.0,2.0,0.0,0.0
31,0.31,0.62,0.0,0.0,1.0,0.0,0.0,0.0,2.0,0.0,0.0
32,0.32,0.64,0.0,0.0,1.0,0.0,0.0,0.0,2.0,0.0,0.0
33,0.33,0.66,0.0,0.0,1.0,0.0,0.0,0.0,2.0,0.0,0.0
34,0.34,0.68,0.0,0.0,1.0,0.0,0.0,0.0,2.0,0.0,0.0
35,0.35000000000000003,0.7000000000000001,0.0,0.0,1.0,0.0,0.0,0.0,2.0,0.0,0.0
36,0.36,0.72,0.0,0.0,1.0,0.0,0.0,0.0,2.0,0.0,0.0
37,0.37,0.74,0.0,0.0,1.0,0.0,0.0,0.0,2.0,0.0,0.0
38,0.38,0.76,0.0,0.0,1.0,0.0,0.0,0.0,2.0,0.0,0.0
39,0.39,0.78,0.0,0.0,1.0,0.0,0.0,0.0,2.0,0.0,0.0
40,0.4,0.8,0.0,0.0,1.0,0.0,0.0,0.0,2.0,0.0,0.0
41,0.41000000000000003,0.8200000000000001,0.0,0.0,1.0,0.0,0.0,0.0,2.0,0.0,0.0
42,0.42,0.84,0.0,0.0,1.0,0.0,0.0,0.0,2.0,0.0,0.0
43,0.43,0.86,0.0,0.0,1.0,0.0,0.0,0.0,2.0,0.0,0.0
44,0.44,0.88,0.0,0.0,1.0,0.0,0.0,0.0,2.0,0.0,0.0
45,0.45,0.9,0.0,0.0,1.0,0.0,0.0,0.0,2.0,0.0,0.0
46,0.46,0.92,0.0,0.0,1.0,0.0,0.0,0.0,2.0,0.0,0.0
47,0.47000000000000003,0.9400000000000001,0.0,0.0,1.0,0.0,0.0,0.0,2.0,0.0,0.0
48,0.48,0.96,0.0,0.0,1.0,0.0,0.0,0.0,2.0,0.0,0.0
49,0.49,0.98,0.0,0.0,1.0,0.0,0.0,0.0,2.0,0.0,0.0
50,0.5,1.0,0.0,0.0,1.0,0.0,0.0,0.0,2.0,0.0,0.0
51,0.51,1.02,0.0,0.0,1.0,0.0,0.0,0.0,2.0,0.0,0.0
52,0.52,1.04,0.0,0.0,1.0,0.0,0.0,0.0,2.0,0.0,0.0
53,0.53,1.06,0.0,0.0,1.0,0.0,0.0,0.0,2.0,0.0,0.0
54,0.54,1.08,0.0,0.0,1.0,0.0,0.0,0.0,2.0,0.0,0.0
55,0.55,1.1,0.0,0.0,1.0,0.0,0.0,0.0,2.0,0.0,0.0
56,0.56,1.12,0.0,0.0,1.0,0.0,0.0,0.0,2.0,0.0,0.0
57,0.5700000000000001,1.1400000000000001,0.0,0.0,1.0,0.0,0.0,0.0,2.0,0.0,0.0
58,0.58,1.16,0.0,0.0,1.0,0.0,0.0,0.0,2.0,0.0,0.0
59,0.59,1.18,0.0,0.0,1.0,0.0,0.0,0.0,2.0,0.0,0.0
60,0.6,1.2,0.0,0.0,1.0,0.0,0.0,0.0,2.0,0.0,0.0
61,0.61,1.22,0.0,0.0,1.0,0.0,0.0,0.0,2.0,0.0,0.0
62,0.62,1.24,0.0,0.0,1.0,0.0,0.0,0.0,2.0,0.0,0.0
63,0.63,1.26,0.0,0.0,1.0,0.0,0.0,0.0,2.0,0.0,0.0
64,0.64,1.28,0.0,0.0,1.0,0.0,0.0,0.0,2.0,0.0,0.0
65,0.65,1.3,0.0,0.0,1.0,0.0,0.0,0.0,2.0,0.0,0.0
66,0.66,1.32,0.0,0.0,1.0,0.0,0.0,0.0,2.0,0.0,0.0
67,0.67,1.34,0.0,0.0,1.0,0.0,0.0,0.0,2.0,0.0,0.0
68,0.68,1.36,0.0,0.0,1.0,0.0,0.0,0.0,2.0,0.0,0.0
69,0.6900000000000001,1.3800000000000001,0.0,0.0,1.0,0.0,0.0,0.0,2.0,0.0,0.0
70,0.7000000000000001,1.4000000000000001,0.0,0.0,1.0,0.0,0.0,0.0,2.0,0.0,0.0
71,0.71,1.42,0.0,0.0,1.0,0.0,0.0,0.0,2.0,0.0,0.0
72,0.72,1.44,0.0,0.0,1.0,0.0,0.0,0.0,2.0,0.0,0.0
73,0.73,1.46,0.0,0.0,1.0,0.0,0.0,0.0,2.0,0.0,0.0
74,0.74,1.48,0.0,0.0,1.0,0.0,0.0,0.0,2.0,0.0,0.0
75,0.75,1.5,0.0,0.0,1.0,0.0,0.0,0.0,2.0,0.0,0.0
76,0.76,1.52,0.0,0.0,1.0,0.0,0.0,0.0,2.0,0.0,0.0
77,0.77,1.54,0.0,0.0,1.0,0.0,0.0,0.0,2.0,0.0,0.0
78,0.78,1.56,0.0,0.0,1.0,0.0,0.0,0.0,2.0,0.0,0.0
79,0.79,1.58,0.0,0.0,1.0,0.0,0.0,0.0,2.0,0.0,0.0
80,0.8,1.6,0.0,0.0,1.0,0.0,0.0,0.0,2.0,0.0,0.0
81,0.81,1.62,0.0,0.0,1.0,0.0,0.0,0.0,2.0,0.0,0.0
82,0.8200000000000001,1.6400000000000001,0.0,0.0,1.0,0.0,0.0,0.0,2.0,0.0,0.0
83,0.8300000000000001,1.6600000000000001,0.0,0.0,1.0,0.0,0.0,0.0,2.0,0.0,0.0
84,0.84,1.68,0.0,0.0,1.0,0.0,0.0,0.0,2.0,0.0,0.0
85,0.85,1.7,0.0,0.0,1.0,0.0,0.0,0.0,2.0,0.0,0.0
86,0.86,1.72,0.0,0.0,1.0,0.0,0.0,0.0,2.0,0.0,0.0
87,0.87,1.74,0.0,0.0,1.0,0.0,0.0,0.0,2.0,0.0,0.0
88,0.88,1.76,0.0,0.0,1.0,0.0,0.0,0.0,2.0,0.0,0.0
89,0.89,1.78,0.0,0.0,1.0,0.0,0.0,0.0,2.0,0.0,0.0
90,0.9,1.8,0.0,0.0,1.0,0.0,0.0,0.0,2.0,0.0,0.0
91,0.91,1.82,0.0,0.0,1.0,0.0,0.0,0.0,2.0,0.0,0.0
92,0.92,1.84,0.0,0.0,1.0,0.0,0.0,0.0,2.0,0.0,0.0
93,0.93,1.86,0.0,0.0,1.0,0.0,0.0,0.0,2.0,0.0,0.0
94,0.9400000000000001,1.8800000000000001,0.0,0.0,1.0,0.0,0.0,0.0,2.0,0.0,0.0
95,0.9500000000000001,1.9000000000000001,0.0,0.0,1.0,0.0,0.0,0.0,2.0,0.0,0.0
96,0.96,1.92,0.0,0.0,1.0,0.0,0.0,0.0,2.0,0.0,0.0
97,0.97,1.94,0.0,0.0,1.0,0.0,0.0,0.0,2.0,0.0,0.0
98,0.98,1.96,0.0,0.0,1.0,0.0,0.0,0.0,2.0,0.0,0.0
99,0.99,1.98,0.0,0.0,1.0,0.0,0.0,0.0,2.0,0.0,0.0
100,1.0,2.0,0.0,0.0,1.0,0.0,0.0,0.0,2.0,0.0,0.0
101,1.01,2.02,0.0,0.0,1.0,0.0,0.0,0.0,2.0,0.0,0.0
102,1.02,2.04,0.0,0.0,1.0,0.0,0.0,0.0,2.0,0.0,0.0
103,1.03,2.06,0.0,0.0,1.0,0.0,0.0,0.0,2.0,0.0,0.0
104,1.04,2.08,0.0,0.0,1.0,0.0,0.0,0.0,2.0,0.0,0.0
105,1.05,2.1,0.0,0.0,1.0,0.0,0.0,0.0,2.0,0.0,0.0
106,1.06,2.12,0.0,0.0,1.0,0.0,0.0,0.0,2.0,0.0,0.0
107,1.07,2.14,0.0,0.0,1.0,0.0,0.0,0.0,2.0,0.0,0.0
108,1.08,2.16,0.0,0.0,1.0,0.0,0.0,0.0,2.0,0.0,0.0
109,1.09,2.18,0.0,0.0,1.0,0.0,0.0,0.0,2.0,0.0,0.0
110,1.1,2.2,0.0,0.0,1.0,0.0,0.0,0.0,2.0,0.0,0.0
111,1.11,2.22,0.0,0.0,1.0,0.0,0.0,0.0,2.0,0.0,0.0
112,1.12,2.24,0.0,0.0,1.0,0.0,0.0,0.0,2.0,0.0,0.0
113,1.1300000000000001,2.2600000000000002,0.0,0.0,1.0,0.0,0.0,0.0,2.0,0.0,0.0
114,1.1400000000000001,2.2800000000000002,0.0,0.0,1.0,0.0,0.0,0.0,2.0,0.0,0.0
115,1.1500000000000001,2.3000000000000003,0.0,0.0,1.0,0.0,0.0,0.0,2.0,0.0,0.0
116,1.16,2.32,0.0,0.0,1.0,0.0,0.0,0.0,2.0,0.0,0.0
117,1.17,2.34,0.0,0.0,1.0,0.0,0.0,0.0,2.0,0.0,0.0
118,1.18,2.36,0.0,0.0,1.0,0.0,0.0,0.0,2.0,0.0,0.0
119,1.19,2.38,0.0,0.0,1.0,0.0,0.0,0.0,2.0,0.0,0.0
120,1.2,2.4,0.0,0.0,1.0,0.0,0.0,0.0,2.0,0.0,0.0
121,1.21,2.42,0.0,0.0,1.0,0.0,0.0,0.0,2.0,0.0,0.0
122,1.22,2.44,0.0,0.0,1.0,0.0,0.0,0.0,2.0,0.0,0.0
123,1.23,2.46,0.0,0.0,1.0,0.0,0.0,0.0,2.0,0.0,0.0
124,1.24,2.48,0.0,0.0,1.0,0.0,0.0,0.0,2.0,0.0,0.0
125,1.25,2.5,0.0,0.0,1.0,0.0,0.0,0.0,2.0,0.0,0.0
126,1.26,2.52,0.0,0.0,1.0,0.0,0.0,0.0,2.0,0.0,0.0
127,1.27,2.54,0.0,0.0,1.0,0.0,0.0,0.0,2.0,0.0,0.0
128,1.28,2.56,0.0,0.0,1.0,0.0,0.0,0.0,2.0,0.0,0.0
129,1.29,2.58,0.0,0.0,1.0,0.0,0.0,0.0,2.0,0.0,0.0
130,1.3,2.6,0.0,0.0,1.0,0.0,0.0,0.0,2.0,0.0,0.0
131,1.31,2.62,0.0,0.0,1.0,0.0,0.0,0.0,2.0,0.0,0.0
132,1.32,2.64,0.0,0.0,1.0,0.0,0.0,0.0,2.0,0.0,0.0
133,1.33,2.66,0.0,0.0,1.0,0.0,0.0,0.0,2.0,0.0,0.0
134,1.34,2.68,0.0,0.0,1.0,0.0,0.0,0.0,2.0,0.0,0.0
135,1.35,2.7,0.0,0.0,1.0,0.0,0.0,0.0,2.0,0.0,0.0
136,1.36,2.72,0.0,0.0,1.0,0.0,0.0,0.0,2.0,0.0,0.0
137,1.37,2.74,0.0,0.0,1.0,0.0,0.0,0.0,2.0,0.0,0.0
138,1.3800000000000001,2.7600000000000002,0.0,0.0,1.0,0.0,0.0,0.0,2.0,0.0,0.0
139,1.3900000000000001,2.7800000000000002,0.0,0.0,1.0,0.0,0.0,0.0,2.0,0.0,0.0
140,1.4000000000000001,2.8000000000000003,0.0,0.0,1.0,0.0,0.0,0.0,2.0,0.0,0.0
141,1.41,2.82,0.0,0.0,1.0,0.0,0.0,0.0,2.0,0.0,0.0
142,1.42,2.84,0.0,0.0,1.0,0.0,0.0,0.0,2.0,0.0,0.0
143,1.43,2.86,0.0,0.0,1.0,0.0,0.0,0.0,2.0,0.0,0.0
144,1.44,2.88,0.0,0.0,1.0,0.0,0.0,0.0,2.0,0.0,0.0
145,1.45,2.9,0.0,0.0,1.0,0.0,0.0,0.0,2.0,0.0,0.0
146,1.46,2.92,0.0,0.0,1.0,0.0,0.0,0.0,2.0,0.0,0.0
147,1.47,2.94,0.0,0.0,1.0,0.0,0.0,0.0,2.0,0.0,0.0
148,1.48,2.96,0.0,0.0,1.0,0.0,0.0,0.0,2.0,0.0,0.0
149,1.49,2.98,0.0,0.0,1.0,0.0,0.0,0.0,2.0,0.0,0.0
150,1.5,3.0,0.0,0.0,1.0,0.0,0.0,0.0,2.0,0.0,0.0
151,1.51,3.02,0.0,0.0,1.0,0.0,0.0,0.0,2.0,0.0,0.0
152,1.52,3.04,0.0,0.0,1.0,0.0,0.0,0.0,2.0,0.0,0.0
153,1.53,3.06,0.0,0.0,1.0,0.0,0.0,0.0,2.0,0.0,0.0
154,1.54,3.08,0.0,0.0,1.0,0.0,0.0,0.0,2.0,0.0,0.0
155,1.55,3.1,0.0,0.0,1.0,0.0,0.0,0.0,2.0,0.0,0.0
156,1.56,3.12,0.0,0.0,1.0,0.0,0.0,0.0,2.0,0.0,0.0
157,1.57,3.14,0.0,0.0,1.0,0.0,0.0,0.0,2.0,0.0,0.0
158,1.58,3.16,0.0,0.0,1.0,0.0,0.0,0.0,2.0,0.0,0.0
159,1.59,3.18,0.0,0.0,1.0,0.0,0.0,0.0,2.0,0.0,0.0
160,1.6,3.2,0.0,0.0,1.0,0.0,0.0,0.0,2.0,0.0,0.0
161,1.61,3.22,0.0,0.0,1.0,0.0,0.0,0.0,2.0,0.0,0.0
162,1.62,3.24,0.0,0.0,1.0,0.0,0.0,0.0,2.0,0.0,0.0
163,1.6300000000000001,3.2600000000000002,0.0,0.0,1.0,0.0,0.0,0.0,2.0,0.0,0.0
164,1.6400000000000001,3.2800000000000002,0.0,0.0,1.0,0.0,0.0,0.0,2.0,0.0,0.0
165,1.6500000000000001,3.3000000000000003,0.0,0.0,1.0,0.0,0.0,0.0,2.0,0.0,0.0
166,1.6600000000000001,3.3200000000000003,0.0,0.0,1.0,0.0,0.0,0.0,2.0,0.0,0.0
167,1.67,3.34,0.0,0.0,1.0,0.0,0.0,0.0,2.0,0.0,0.0
168,1.68,3.36,0.0,0.0,1.0,0.0,0.0,0.0,2.0,0.0,0.0
169,1.69,3.38,0.0,0.0,1.0,0.0,0.0,0.0,2.0,0.0,0.0
170,1.7,3.4,0.0,0.0,1.0,0.0,0.0,0.0,2.0,0.0,0.0
171,1.71,3.42,0.0,0.0,1.0,0.0,0.0,0.0,2.0,0.0,0.0
172,1.72,3.44,0.0,0.0,1.0,0.0,0.0,0.0,2.0,0.0,0.0
173,1.73,3.46,0.0,0.0,1.0,0.0,0.0,0.0,2.0,0.0,0.0
174,1.74,3.48,0.0,0.0,1.0,0.0,0.0,0.0,2.0,0.0,0.0
175,1.75,3.5,0.0,0.0,1.0,0.0,0.0,0.0,2.0,0.0,0.0
176,1.76,3.52,0.0,0.0,1.0,0.0,0.0,0.0,2.0,0.0,0.0
177,1.77,3.54,0.0,0.0,1.0,0.0,0.0,0.0,2.0,0.0,0.0
178,1.78,3.56,0.0,0.0,1.0,0.0,0.0,0.0,2.0,0.0,0.0
179,1.79,3.58,0.0,0.0,1.0,0.0,0.0,0.0,2.0,0.0,0.0
180,1.8,3.6,0.0,0.0,1.0,0.0,0.0,0.0,2.0,0.0,0.0
181,1.81,3.62,0.0,0.0,1.0,0.0,0.0,0.0,2.0,0.0,0.0
182,1.82,3.64,0.0,0.0,1.0,0.0,0.0,0.0,2.0,0.0,0.0
183,1.83,3.66,0.0,0.0,1.0,0.0,0.0,0.0,2.0,0.0,0.0
184,1.84,3.68,0.0,0.0,1.0,0.0,0.0,0.0,2.0,0.0,0.0
185,1.85,3.7,0.0,0.0,1.0,0.0,0.0,0.0,2.0,0.0,0.0
186,1.86,3.72,0.0,0.0,1.0,0.0,0.0,0.0,2.0,0.0,0.0
187,1.87,3.74,0.0,0.0,1.0,0.0,0.0,0.0,2.0,0.0,0.0
188,1.8800000000000001,3.7600000000000002,0.0,0.0,1.0,0.0,0.0,0.0,2.0,0.0,0.0
189,1.8900000000000001,3.7800000000000002,0.0,0.0,1.0,0.0,0.0,0.0,2.0,0.0,0.0
190,1.9000000000000001,3.8000000000000003,0.0,0.0,1.0,0.0,0.0,0.0,2.0,0.0,0.0
191,1.9100000000000001,3.8200000000000003,0.0,0.0,1.0,0.0,0.0,0.0,2.0,0.0,0.0
192,1.92,3.84,0.0,0.0,1.0,0.0,0.0,0.0,2.0,0.0,0.0
193,1.93,3.86,0.0,0.0,1.0,0.0,0.0,0.0,2.0,0.0,0.0
194,1.94,3.88,0.0,0.0,1.0,0.0,0.0,0.0,2.0,0.0,0.0
195,1.95,3.9,0.0,0.0,1.0,0.0,0.0,0.0,2.0,0.0,0.0
196,1.96,3.92,0.0,0.0,1.0,0.0,0.0,0.0,2.0,0.0,0.0
197,1.97,3.94,0.0,0.0,1.0,0.0,0.0,0.0,2.0,0.0,0.0
198,1.98,3.96,0.0,0.0,1.0,0.0,0.0,0.0,2.0,0.0,0.0
199,1.99,3.98,0.0,0.0,1.0,0.0,0.0,0.0,2.0,0.0,0.0
200,2.0,4.0,0.0,0.0,1.0,0.0,0.0,0.0,2.0,0.0,0.0
201,2.0100000000000002,4.0200000000000005,0.0,0.0,1.0,0.0,0.0,0.0,2.0,0.0,0.0
202,2.02,4.04,0.0,0.0,1.0,0.0,0.0,0.0,2.0,0.0,0.0
203,2.0300000000000002,4.0600000000000005,0.0,0.0,1.0,0.0,0.0,0.0,2.0,0.0,0.0
204,2.04,4.08,0.0,0.0,1.0,0.0,0.0,0.0,2.0,0.0,0.0
205,2.05,4.1,0.0,0.0,1.0,0.0,0.0,0.0,2.0,0.0,0.0
206,2.06,4.12,0.0,0.0,1.0,0.0,0.0,0.0,2.0,0.0,0.0
207,2.07,4.14,0.0,0.0,1.0,0.0,0.0,0.0,2.0,0.0,0.0
208,2.08,4.16,0.0,0.0,1.0,0.0,0.0,0.0,2.0,0.0,0.0
209,2.09,4.18,0.0,0.0,1.0,0.0,0.0,0.0,2.0,0.0,0.0
210,2.1,4.2,0.0,0.0,1.0,0.0,0.0,0.0,2.0,0.0,0.0
211,2.11,4.22,0.0,0.0,1.0,0.0,0.0,0.0,2.0,0.0,0.0
212,2.12,4.24,0.0,0.0,1.0,0.0,0.0,0.0,2.0,0.0,0.0
213,2.13,4.26,0.0,0.0,1.0,0.0,0.0,0.0,2.0,0.0,0.0
214,2.14,4.28,0.0,0.0,1.0,0.0,0.0,0.0,2.0,0.0,0.0
215,2.15,4.3,0.0,0.0,1.0,0.0,0.0,0.0,2.0,0.0,0.0
216,2.16,4.32,0.0,0.0,1.0,0.0,0.0,0.0,2.0,0.0,0.0
217,2.17,4.34,0.0,0.0,1.0,0.0,0.0,0.0,2.0,0.0,0.0
218,2.18,4.36,0.0,0.0,1.0,0.0,0.0,0.0,2.0,0.0,0.0
219,2.19,4.38,0.0,0.0,1.0,0.0,0.0,0.0,2.0,0.0,0.0
220,2.2,4.4,0.0,0.0,1.0,0.0,0.0,0.0,2.0,0.0,0.0
221,2.21,4.42,0.0,0.0,1.0,0.0,0.0,0.0,2.0,0.0,0.0
222,2.22,4.44,0.0,0.0,1.0,0.0,0.0,0.0,2.0,0.0,0.0
223,2.23,4.46,0.0,0.0,1.0,0.0,0.0,0.0,2.0,0.0,0.0
224,2.24,4.48,0.0,0.0,1.0,0.0,0.0,0.0,2.0,0.0,0.0
225,2.25,4.5,0.0,0.0,1.0,0.0,0.0,0.0,2.0,0.0,0.0
226,2.2600000000000002,4.5200000000000005,0.0,0.0,1.0,0.0,0.0,0.0,2.0,0.0,0.0
227,2.27,4.54,0.0,0.0,1.0,0.0,0.0,0.0,2.0,0.0,0.0
228,2.2800000000000002,4.5600000000000005,0.0,0.0,1.0,0.0,0.0,0.0,2.0,0.0,0.0
229,2.29,4.58,0.0,0.0,1.0,0.0,0.0,0.0,2.0,0.0,0.0
230,2.3000000000000003,4.6000000000000005,0.0,0.0,1.0,0.0,0.0,0.0,2.0,0.0,0.0
231,2.31,4.62,0.0,0.0,1.0,0.0,0.0,0.0,2.0,0.0,0.0
232,2.32,4.64,0.0,0.0,1.0,0.0,0.0,0.0,2.0,0.0,0.0
233,2.33,4.66,0.0,0.0,1.0,0.0,0.0,0.0,2.0,0.0,0.0
234,2.34,4.68,0.0,0.0,1.0,0.0,0.0,0.0,2.0,0.0,0.0
235,2.35,4.7,0.0,0.0,1.0,0.0,0.0,0.0,2.0,0.0,0.0
236,2.36,4.72,0.0,0.0,1.0,0.0,0.0,0.0,2.0,0.0,0.0
237,2.37,4.74,0.0,0.0,1.0,0.0,0.0,0.0,2.0,0.0,0.0
238,2.38,4.76,0.0,0.0,1.0,0.0,0.0,0.0,2.0,0.0,0.0
239,2.39,4.78,0.0,0.0,1.0,0.0,0.0,0.0,2.0,0.0,0.0
240,2.4,4.8,0.0,0.0,1.0,0.0,0.0,0.0,2.0,0.0,0.0
241,2.41,4.82,0.0,0.0,1.0,0.0,0.0,0.0,2.0,0.0,0.0
242,2.42,4.84,0.0,0.0,1.0,0.0,0.0,0.0,2.0,0.0,0.0
243,2.43,4.86,0.0,0.0,1.0,0.0,0.0,0.0,2.0,0.0,0.0
244,2.44,4.88,0.0,0.0,1.0,0.0,0.0,0.0,2.0,0.0,0.0
245,2.45,4.9,0.0,0.0,1.0,0.0,0.0,0.0,2.0,0.0,0.0
246,2.46,4.92,0.0,0.0,1.0,0.0,0.0,0.0,2.0,0.0,0.0
247,2.47,4.94,0.0,0.0,1.0,0.0,0.0,0.0,2.0,0.0,0.0
248,2.48,4.96,0.0,0.0,1.0,0.0,0.0,0.0,2.0,0.0,0.0
249,2.49,4.98,0.0,0.0,1.0,0.0,0.0,0.0,2.0,0.0,0.0
250,2.5,5.0,0.0,0.0,1.0,0.0,0.0,0.0,2.0,0.0,0.0
251,2.5100000000000002,5.0200000000000005,0.0,0.0,1.0,0.0,0.0,0.0,2.0,0.0,0.0
252,2.52,5.04,0.0,0.0,1.0,0.0,0.0,0.0,2.0,0.0,0.0
253,2.5300000000000002,5.0600000000000005,0.0,0.0,1.0,0.0,0.0,0.0,2.0,0.0,0.0
254,2.54,5.08,0.0,0.0,1.0,0.0,0.0,0.0,2.0,0.0,0.0
255,2.5500000000000003,5.1000000000000005,0.0,0.0,1.0,0.0,0.0,0.0,2.0,0.0,0.0
256,2.56,5.12,0.0,0.0,1.0,0.0,0.0,0.0,2.0,0.0,0.0
257,2.57,5.14,0.0,0.0,1.0,0.0,0.0,0.0,2.0,0.0,0.0
258,2.58,5.16,0.0,0.0,1.0,0.0,0.0,0.0,2.0,0.0,0.0
259,2.59,5.18,0.0,0.0,1.0,0.0,0.0,0.0,2.0,0.0,0.0
260,2.6,5.2,0.0,0.0,1.0,0.0,0.0,0.0,2.0,0.0,0.0
261,2.61,5.22,0.0,0.0,1.0,0.0,0.0,0.0,2.0,0.0,0.0
262,2.62,5.24,0.0,0.0,1.0,0.0,0.0,0.0,2.0,0.0,0.0
263,2.63,5.26,0.0,0.0,1.0,0.0,0.0,0.0,2.0,0.0,0.0
264,2.64,5.28,0.0,0.0,1.0,0.0,0.0,0.0,2.0,0.0,0.0
265,2.65,5.3,0.0,0.0,1.0,0.0,0.0,0.0,2.0,0.0,0.0
266,2.66,5.32,0.0,0.0,1.0,0.0,0.0,0.0,2.0,0.0,0.0
267,2.67,5.34,0.0,0.0,1.0,0.0,0.0,0.0,2.0,0.0,0.0
268,2.68,5.36,0.0,0.0,1.0,0.0,0.0,0.0,2.0,0.0,0.0
269,2.69,5.38,0.0,0.0,1.0,0.0,0.0,0.0,2.0,0.0,0.0
270,2.7,5.4,0.0,0.0,1.0,0.0,0.0,0.0,2.0,0.0,0.0
271,2.71,5.42,0.0,0.0,1.0,0.0,0.0,0.0,2.0,0.0,0.0
272,2.72,5.44,0.0,0.0,1.0,0.0,0.0,0.0,2.0,0.0,0.0
273,2.73,5.46,0.0,0.0,1.0,0.0,0.0,0.0,2.0,0.0,0.0
274,2.74,5.48,0.0,0.0,1.0,0.0,0.0,0.0,2.0,0.0,0.0
275,2.75,5.5,0.0,0.0,1.0,0.0,0.0,0.0,2.0,0.0,0.0
276,2.7600000000000002,5.5200000000000005,0.0,0.0,1.0,0.0,0.0,0.0,2.0,0.0,0.0
277,2.77,5.54,0.0,0.0,1.0,0.0,0.0,0.0,2.0,0.0,0.0
278,2.7800000000000002,5.5600000000000005,0.0,0.0,1.0,0.0,0.0,0.0,2.0,0.0,0.0
279,2.79,5.58,0.0,0.0,1.0,0.0,0.0,0.0,2.0,0.0,0.0
280,2.8000000000000003,5.6000000000000005,0.0,0.0,1.0,0.0,0.0,0.0,2.0,0.0,0.0
281,2.81,5.62,0.0,0.0,1.0,0.0,0.0,0.0,2.0,0.0,0.0
282,2.82,5.64,0.0,0.0,1.0,0.0,0.0,0.0,2.0,0.0,0.0
283,2.83,5.66,0.0,0.0,1.0,0.0,0.0,0.0,2.0,0.0,0.0
284,2.84,5.68,0.0,0.0,1.0,0.0,0.0,0.0,2.0,0.0,0.0
285,2.85,5.7,0.0,0.0,1.0,0.0,0.0,0.0,2.0,0.0,0.0
286,2.86,5.72,0.0,0.0,1.0,0.0,0.0,0.0,2.0,0.0,0.0
287,2.87,5.74,0.0,0.0,1.0,0.0,0.0,0.0,2.0,0.0,0.0
288,2.88,5.76,0.0,0.0,1.0,0.0,0.0,0.0,2.0,0.0,0.0
289,2.89,5.78,0.0,0.0,1.0,0.0,0.0,0.0,2.0,0.0,0.0
290,2.9,5.8,0.0,0.0,1.0,0.0,0.0,0.0,2.0,0.0,0.0
291,2.91,5.82,0.0,0.0,1.0,0.0,0.0,0.0,2.0,0.0,0.0
292,2.92,5.84,0.0,0.0,1.0,0.0,0.0,0.0,2.0,0.0,0.0
293,2.93,5.86,0.0,0.0,1.0,0.0,0.0,0.0,2.0,0.0,0.0
294,2.94,5.88,0.0,0.0,1.0,0.0,0.0,0.0,2.0,0.0,0.0
295,2.95,5.9,0.0,0.0,1.0,0.0,0.0,0.0,2.0,0.0,0.0
296,2.96,5.92,0.0,0.0,1.0,0.0,0.0,0.0,2.0,0.0,0.0
297,2.97,5.94,0.0,0.0,1.0,0.0,0.0,0.0,2.0,0.0,0.0
298,2.98,5.96,0.0,0.0,1.0,0.0,0.0,0.0,2.0,0.0,0.0
299,2.99,5.98,0.0,0.0,1.0,0.0,0.0,0.0,2.0,0.0,0.0
300,3.0,6.0,0.0,0.0,1.0,0.0,0.0,0.0,2.0,0.0,0.0
301,3.0100000000000002,6.0200000000000005,0.0,0.0,1.0,0.0,0.0,0.0,2.0,0.0,0.0
302,3.02,6.04,0.0,0.0,1.0,0.0,0.0,0.0,2.0,0.0,0.0
303,3.0300000000000002,6.0600000000000005,0.0,0.0,1.0,0.0,0.0,0.0,2.0,0.0,0.0
304,3.04,6.08,0.0,0.0,1.0,0.0,0.0,0.0,2.0,0.0,0.0
305,3.0500000000000003,6.1000000000000005,0.0,0.0,1.0,0.0,0.0,0.0,2.0,0.0,0.0
306,3.06,6.12,0.0,0.0,1.0,0.0,0.0,0.0,2.0,0.0,0.0
307,3.0700000000000003,6.140000000000001,0.0,0.0,1.0,0.0,0.0,0.0,2.0,0.0,0.0
308,3.08,6.16,0.0,0.0,1.0,0.0,0.0,0.0,2.0,0.0,0.0
309,3.09,6.18,0.0,0.0,1.0,0.0,0.0,0.0,2.0,0.0,0.0
310,3.1,6.2,0.0,0.0,1.0,0.0,0.0,0.0,2.0,0.0,0.0
311,3.11,6.22,0.0,0.0,1.0,0.0,0.0,0.0,2.0,0.0,0.0
312,3.12,6.24,0.0,0.0,1.0,0.0,0.0,0.0,2.0,0.0,0.0
313,3.13,6.26,0.0,0.0,1.0,0.0,0.0,0.0,2.0,0.0,0.0
314,3.14,6.28,0.0,0.0,1.0,0.0,0.0,0.0,2.0,0.0,0.0
315,3.15,6.3,0.0,0.0,1.0,0.0,0.0,0.0,2.0,0.0,0.0
316,3.16,6.32,0.0,0.0,1.0,0.0,0.0,0.0,2.0,0.0,0.0
317,3.17,6.34,0.0,0.0,1.0,0.0,0.0,0.0,2.0,0.0,0.0
318,3.18,6.36,0.0,0.0,1.0,0.0,0.0,0.0,2.0,0.0,0.0
319,3.19,6.38,0.0,0.0,1.0,0.0,0.0,0.0,2.0,0.0,0.0
320,3.2,6.4,0.0,0.0,1.0,0.0,0.0,0.0,2.0,0.0,0.0
321,3.21,6.42,0.0,0.0,1.0,0.0,0.0,0.0,2.0,0.0,0.0
322,3.22,6.44,0.0,0.0,1.0,0.0,0.0,0.0,2.0,0.0,0.0
323,3.23,6.46,0.0,0.0,1.0,0.0,0.0,0.0,2.0,0.0,0.0
324,3.24,6.48,0.0,0.0,1.0,0.0,0.0,0.0,2.0,0.0,0.0
325,3.25,6.5,0.0,0.0,1.0,0.0,0.0,0.0,2.0,0.0,0.0
326,3.2600000000000002,6.5200000000000005,0.0,0.0,1.0,0.0,0.0,0.0,2.0,0.0,0.0
327,3.27,6.54,0.0,0.0,1.0,0.0,0.0,0.0,2.0,0.0,0.0
328,3.2800000000000002,6.5600000000000005,0.0,0.0,1.0,0.0,0.0,0.0,2.0,0.0,0.0
329,3.29,6.58,0.0,0.0,1.0,0.0,0.0,0.0,2.0,0.0,0.0
330,3.3000000000000003,6.6000000000000005,0.0,0.0,1.0,0.0,0.0,0.0,2.0,0.0,0.0
331,3.31,6.62,0.0,0.0,1.0,0.0,0.0,0.0,2.0,0.0,0.0
332,3.3200000000000003,6.640000000000001,0.0,0.0,1.0,0.0,0.0,0.0,2.0,0.0,0.0
333,3.33,6.66,0.0,0.0,1.0,0.0,0.0,0.0,2.0,0.0,0.0
334,3.34,6.68,0.0,0.0,1.0,0.0,0.0,0.0,2.0,0.0,0.0
335,3.35,6.7,0.0,0.0,1.0,0.0,0.0,0.0,2.0,0.0,0.0
336,3.36,6.72,0.0,0.0,1.0,0.0,0.0,0.0,2.0,0.0,0.0
337,3.37,6.74,0.0,0.0,1.0,0.0,0.0,0.0,2.0,0.0,0.0
338,3.38,6.76,0.0,0.0,1.0,0.0,0.0,0.0,2.0,0.0,0.0
339,3.39,6.78,0.0,0.0,1.0,0.0,0.0,0.0,2.0,0.0,0.0
340,3.4,6.8,0.0,0.0,1.0,0.0,0.0,0.0,2.0,0.0,0.0
341,3.41,6.82,0.0,0.0,1.0,0.0,0.0,0.0,2.0,0.0,0.0
342,3.42,6.84,0.0,0.0,1.0,0.0,0.0,0.0,2.0,0.0,0.0
343,3.43,6.86,0.0,0.0,1.0,0.0,0.0,0.0,2.0,0.0,0.0
344,3.44,6.88,0.0,0.0,1.0,0.0,0.0,0.0,2.0,0.0,0.0
345,3.45,6.9,0.0,0.0,1.0,0.0,0.0,0.0,2.0,0.0,0.0
346,3.46,6.92,0.0,0.0,1.0,0.0,0.0,0.0,2.0,0.0,0.0
347,3.47,6.94,0.0,0.0,1.0,0.0,0.0,0.0,2.0,0.0,0.0
348,3.48,6.96,0.0,0.0,1.0,0.0,0.0,0.0,2.0,0.0,0.0
349,3.49,6.98,0.0,0.0,1.0,0.0,0.0,0.0,2.0,0.0,0.0
350,3.5,7.0,0.0,0.0,1.0,0.0,0.0,0.0,2.0,0.0,0.0
351,3.5100000000000002,7.0200000000000005,0.0,0.0,1.0,0.0,0.0,0.0,2.0,0.0,0.0
352,3.52,7.04,0.0,0.0,1.0,0.0,0.0,0.0,2.0,0.0,0.0
353,3.5300000000000002,7.0600000000000005,0.0,0.0,1.0,0.0,0.0,0.0,2.0,0.0,0.0
354,3.54,7.08,0.0,0.0,1.0,0.0,0.0,0.0,2.0,0.0,0.0
355,3.5500000000000003,7.1000000000000005,0.0,0.0,1.0,0.0,0.0,0.0,2.0,0.0,0.0
356,3.56,7.12,0.0,0.0,1.0,0.0,0.0,0.0,2.0,0.0,0.0
357,3.5700000000000003,7.140000000000001,0.0,0.0,1.0,0.0,0.0,0.0,2.0,0.0,0.0
358,3.58,7.16,0.0,0.0,1.0,0.0,0.0,0.0,2.0,0.0,0.0
359,3.59,7.18,0.0,0.0,1.0,0.0,0.0,0.0,2.0,0.0,0.0
360,3.6,7.2,0.0,0.0,1.0,0.0,0.0,0.0,2.0,0.0,0.0
361,3.61,7.22,0.0,0.0,1.0,0.0,0.0,0.0,2.0,0.0,0.0
362,3.62,7.24,0.0,0.0,1.0,0.0,0.0,0.0,2.0,0.0,0.0
363,3.63,7.26,0.0,0.0,1.0,0.0,0.0,0.0,2.0,0.0,0.0
364,3.64,7.28,0.0,0.0,1.0,0.0,0.0,0.0,2.0,0.0,0.0
365,3.65,7.3,0.0,0.0,1.0,0.0,0.0,0.0,2.0,0.0,0.0
366,3.66,7.32,0.0,0.0,1.0,0.0,0.0,0.0,2.0,0.0,0.0
367,3.67,7.34,0.0,0.0,1.0,0.0,0.0,0.0,2.0,0.0,0.0
368,3.68,7.36,0.0,0.0,1.0,0.0,0.0,0.0,2.0,0.0,0.0
369,3.69,7.38,0.0,0.0,1.0,0.0,0.0,0.0,2.0,0.0,0.0
370,3.7,7.4,0.0,0.0,1.0,0.0,0.0,0.0,2.0,0.0,0.0
371,3.71,7.42,0.0,0.0,1.0,0.0,0.0,0.0,2.0,0.0,0.0
372,3.72,7.44,0.0,0.0,1.0,0.0,0.0,0.0,2.0,0.0,0.0
373,3.73,7.46,0.0,0.0,1.0,0.0,0.0,0.0,2.0,0.0,0.0
374,3.74,7.48,0.0,0.0,1.0,0.0,0.0,0.0,2.0,0.0,0.0
375,3.75,7.5,0.0,0.0,1.0,0.0,0.0,0.0,2.0,0.0,0.0
376,3.7600000000000002,7.5200000000000005,0.0,0.0,1.0,0.0,0.0,0.0,2.0,0.0,0.0
377,3.77,7.54,0.0,0.0,1.0,0.0,0.0,0.0,2.0,0.0,0.0
378,3.7800000000000002,7.5600000000000005,0.0,0.0,1.0,0.0,0.0,0.0,2.0,0.0,0.0
379,3.79,7.58,0.0,0.0,1.0,0.0,0.0,0.0,2.0,0.0,0.0
380,3.8000000000000003,7.6000000000000005,0.0,0.0,1.0,0.0,0.0,0.0,2.0,0.0,0.0
381,3.81,7.62,0.0,0.0,1.0,0.0,0.0,0.0,2.0,0.0,0.0
382,3.8200000000000003,7.640000000000001,0.0,0.0,1.0,0.0,0.0,0.0,2.0,0.0,0.0
383,3.83,7.66,0.0,0.0,1.0,0.0,0.0,0.0,2.0,0.0,0.0
384,3.84,7.68,0.0,0.0,1.0,0.0,0.0,0.0,2.0,0.0,0.0
385,3.85,7.7,0.0,0.0,1.0,0.0,0.0,0.0,2.0,0.0,0.0
386,3.86,7.72,0.0,0.0,1.0,0.0,0.0,0.0,2.0,0.0,0.0
387,3.87,7.74,0.0,0.0,1.0,0.0,0.0,0.0,2.0,0.0,0.0
388,3.88,7.76,0.0,0.0,1.0,0.0,0.0,0.0,2.0,0.0,0.0
389,3.89,7.78,0.0,0.0,1.0,0.0,0.0,0.0,2.0,0.0,0.0
390,3.9,7.8,0.0,0.0,1.0,0.0,0.0,0.0,2.0,0.0,0.0
391,3.91,7.82,0.0,0.0,1.0,0.0,0.0,0.0,2.0,0.0,0.0
392,3.92,7.84,0.0,0.0,1.0,0.0,0.0,0.0,2.0,0.0,0.0
393,3.93,7.86,0.0,0.0,1.0,0.0,0.0,0.0,2.0,0.0,0.0
394,3.94,7.88,0.0,0.0,1.0,0.0,0.0,0.0,2.0,0.0,0.0
395,3.95,7.9,0.0,0.0,1.0,0.0,0.0,0.0,2.0,0.0,0.0
396,3.96,7.92,0.0,0.0,1.0,0.0,0.0,0.0,2.0,0.0,0.0
397,3.97,7.94,0.0,0.0,1.0,0.0,0.0,0.0,2.0,0.0,0.0
398,3.98,7.96,0.0,0.0,1.0,0.0,0.0,0.0,2.0,0.0,0.0
399,3.99,7.98,0.0,0.0,1.0,0.0,0.0,0.0,2.0,0.0,0.0
400,4.0,8.0,0.0,0.0,1.0,0.0,0.0,0.0,2.0,0.0,0.0
401,4.01,8.02,0.0,0.0,1.0,0.0,0.0,0.0,2.0,0.0,0.0
402,4.0200000000000005,8.040000000000001,0.0,0.0,1.0,0.0,0.0,0.0,2.0,0.0,0.0
403,4.03,8.06,0.0,0.0,1.0,0.0,0.0,0.0,2.0,0.0,0.0
404,4.04,8.08,0.0,0.0,1.0,0.0,0.0,0.0,2.0,0.0,0.0
405,4.05,8.1,0.0,0.0,1.0,0.0,0.0,0.0,2.0,0.0,0.0
406,4.0600000000000005,8.120000000000001,0.0,0.0,1.0,0.0,0.0,0.0,2.0,0.0,0.0
407,4.07,8.14,0.0,0.0,1.0,0.0,0.0,0.0,2.0,0.0,0.0
408,4.08,8.16,0.0,0.0,1.0,0.0,0.0,0.0,2.0,0.0,0.0
409,4.09,8.18,0.0,0.0,1.0,0.0,0.0,0.0,2.0,0.0,0.0
410,4.1,8.2,0.0,0.0,1.0,0.0,0.0,0.0,2.0,0.0,0.0
411,4.11,8.22,0.0,0.0,1.0,0.0,0.0,0.0,2.0,0.0,0.0
412,4.12,8.24,0.0,0.0,1.0,0.0,0.0,0.0,2.0,0.0,0.0
413,4.13,8.26,0.0,0.0,1.0,0.0,0.0,0.0,2.0,0.0,0.0
414,4.14,8.28,0.0,0.0,1.0,0.0,0.0,0.0,2.0,0.0,0.0
415,4.15,8.3,0.0,0.0,1.0,0.0,0.0,0.0,2.0,0.0,0.0
416,4.16,8.32,0.0,0.0,1.0,0.0,0.0,0.0,2.0,0.0,0.0
417,4.17,8.34,0.0,0.0,1.0,0.0,0.0,0.0,2.0,0.0,0.0
418,4.18,8.36,0.0,0.0,1.0,0.0,0.0,0.0,2.0,0.0,0.0
419,4.19,8.38,0.0,0.0,1.0,0.0,0.0,0.0,2.0,0.0,0.0
420,4.2,8.4,0.0,0.0,1.0,0.0,0.0,0.0,2.0,0.0,0.0
421,4.21,8.42,0.0,0.0,1.0,0.0,0.0,0.0,2.0,0.0,0.0
422,4.22,8.44,0.0,0.0,1.0,0.0,0.0,0.0,2.0,0.0,0.0
423,4.23,8.46,0.0,0.0,1.0,0.0,0.0,0.0,2.0,0.0,0.0
424,4.24,8.48,0.0,0.0,1.0,0.0,0.0,0.0,2.0,0.0,0.0
425,4.25,8.5,0.0,0.0,1.0,0.0,0.0,0.0,2.0,0.0,0.0
426,4.26,8.52,0.0,0.0,1.0,0.0,0.0,0.0,2.0,0.0,0.0
427,4.2700000000000005,8.540000000000001,0.0,0.0,1.0,0.0,0.0,0.0,2.0,0.0,0.0
428,4.28,8.56,0.0,0.0,1.0,0.0,0.0,0.0,2.0,0.0,0.0
429,4.29,8.58,0.0,0.0,1.0,0.0,0.0,0.0,2.0,0.0,0.0
430,4.3,8.6,0.0,0.0,1.0,0.0,0.0,0.0,2.0,0.0,0.0
431,4.3100000000000005,8.620000000000001,0.0,0.0,1.0,0.0,0.0,0.0,2.0,0.0,0.0
432,4.32,8.64,0.0,0.0,1.0,0.0,0.0,0.0,2.0,0.0,0.0
433,4.33,8.66,0.0,0.0,1.0,0.0,0.0,0.0,2.0,0.0,0.0
434,4.34,8.68,0.0,0.0,1.0,0.0,0.0,0.0,2.0,0.0,0.0
435,4.3500000000000005,8.700000000000001,0.0,0.0,1.0,0.0,0.0,0.0,2.0,0.0,0.0
436,4.36,8.72,0.0,0.0,1.0,0.0,0.0,0.0,2.0,0.0,0.0
437,4.37,8.74,0.0,0.0,1.0,0.0,0.0,0.0,2.0,0.0,0.0
438,4.38,8.76,0.0,0.0,1.0,0.0,0.0,0.0,2.0,0.0,0.0
439,4.39,8.78,0.0,0.0,1.0,0.0,0.0,0.0,2.0,0.0,0.0
440,4.4,8.8,0.0,0.0,1.0,0.0,0.0,0.0,2.0,0.0,0.0
441,4.41,8.82,0.0,0.0,1.0,0.0,0.0,0.0,2.0,0.0,0.0
442,4.42,8.84,0.0,0.0,1.0,0.0,0.0,0.0,2.0,0.0,0.0
443,4.43,8.86,0.0,0.0,1.0,0.0,0.0,0.0,2.0,0.0,0.0
444,4.44,8.88,0.0,0.0,1.0,0.0,0.0,0.0,2.0,0.0,0.0
445,4.45,8.9,0.0,0.0,1.0,0.0,0.0,0.0,2.0,0.0,0.0
446,4.46,8.92,0.0,0.0,1.0,0.0,0.0,0.0,2.0,0.0,0.0
447,4.47,8.94,0.0,0.0,1.0,0.0,0.0,0.0,2.0,0.0,0.0
448,4.48,8.96,0.0,0.0,1.0,0.0,0.0,0.0,2.0,0.0,0.0
449,4.49,8.98,0.0,0.0,1.0,0.0,0.0,0.0,2.0,0.0,0.0
450,4.5,9.0,0.0,0.0,1.0,0.0,0.0,0.0,2.0,0.0,0.0
451,4.51,9.02,0.0,0.0,1.0,0.0,0.0,0.0,2.0,0.0,0.0
452,4.5200000000000005,9.040000000000001,0.0,0.0,1.0,0.0,0.0,0.0,2.0,0.0,0.0
453,4.53,9.06,0.0,0.0,1.0,0.0,0.0,0.0,2.0,0.0,0.0
454,4.54,9.08,0.0,0.0,1.0,0.0,0.0,0.0,2.0,0.0,0.0
455,4.55,9.1,0.0,0.0,1.0,0.0,0.0,0.0,2.0,0.0,0.0
456,4.5600000000000005,9.120000000000001,0.0,0.0,1.0,0.0,0.0,0.0,2.0,0.0,0.0
457,4.57,9.14,0.0,0.0,1.0,0.0,0.0,0.0,2.0,0.0,0.0
458,4.58,9.16,0.0,0.0,1.0,0.0,0.0,0.0,2.0,0.0,0.0
459,4.59,9.18,0.0,0.0,1.0,0.0,0.0,0.0,2.0,0.0,0.0
460,4.6000000000000005,9.200000000000001,0.0,0.0,1.0,0.0,0.0,0.0,2.0,0.0,0.0
461,4.61,9.22,0.0,0.0,1.0,0.0,0.0,0.0,2.0,0.0,0.0
462,4.62,9.24,0.0,0.0,1.0,0.0,0.0,0.0,2.0,0.0,0.0
463,4.63,9.26,0.0,0.0,1.0,0.0,0.0,0.0,2.0,0.0,0.0
464,4.64,9.28,0.0,0.0,1.0,0.0,0.0,0.0,2.0,0.0,0.0
465,4.65,9.3,0.0,0.0,1.0,0.0,0.0,0.0,2.0,0.0,0.0
466,4.66,9.32,0.0,0.0,1.0,0.0,0.0,0.0,2.0,0.0,0.0
467,4.67,9.34,0.0,0.0,1.0,0.0,0.0,0.0,2.0,0.0,0.0
468,4.68,9.36,0.0,0.0,1.0,0.0,0.0,0.0,2.0,0.0,0.0
469,4.69,9.38,0.0,0.0,1.0,0.0,0.0,0.0,2.0,0.0,0.0
470,4.7,9.4,0.0,0.0,1.0,0.0,0.0,0.0,2.0,0.0,0.0
471,4.71,9.42,0.0,0.0,1.0,0.0,0.0,0.0,2.0,0.0,0.0
472,4.72,9.44,0.0,0.0,1.0,0.0,0.0,0.0,2.0,0.0,0.0
473,4.73,9.46,0.0,0.0,1.0,0.0,0.0,0.0,2.0,0.0,0.0
474,4.74,9.48,0.0,0.0,1.0,0.0,0.0,0.0,2.0,0.0,0.0
475,4.75,9.5,0.0,0.0,1.0,0.0,0.0,0.0,2.0,0.0,0.0
476,4.76,9.52,0.0,0.0,1.0,0.0,0.0,0.0,2.0,0.0,0.0
477,4.7700000000000005,9.540000000000001,0.0,0.0,1.0,0.0,0.0,0.0,2.0,0.0,0.0
478,4.78,9.56,0.0,0.0,1.0,0.0,0.0,0.0,2.0,0.0,0.0
479,4.79,9.58,0.0,0.0,1.0,0.0,0.0,0.0,2.0,0.0,0.0
480,4.8,9.6,0.0,0.0,1.0,0.0,0.0,0.0,2.0,0.0,0.0
481,4.8100000000000005,9.620000000000001,0.0,0.0,1.0,0.0,0.0,0.0,2.0,0.0,0.0
482,4.82,9.64,0.0,0.0,1.0,0.0,0.0,0.0,2.0,0.0,0.0
483,4.83,9.66,0.0,0.0,1.0,0.0,0.0,0.0,2.0,0.0,0.0
484,4.84,9.68,0.0,0.0,1.0,0.0,0.0,0.0,2.0,0.0,0.0
485,4.8500000000000005,9.700000000000001,0.0,0.0,1.0,0.0,0.0,0.0,2.0,0.0,0.0
486,4.86,9.72,0.0,0.0,1.0,0.0,0.0,0.0,2.0,0.0,0.0
487,4.87,9.74,0.0,0.0,1.0,0.0,0.0,0.0,2.0,0.0,0.0
488,4.88,9.76,0.0,0.0,1.0,0.0,0.0,0.0,2.0,0.0,0.0
489,4.89,9.78,0.0,0.0,1.0,0.0,0.0,0.0,2.0,0.0,0.0
490,4.9,9.8,0.0,0.0,1.0,0.0,0.0,0.0,2.0,0.0,0.0
491,4.91,9.82,0.0,0.0,1.0,0.0,0.0,0.0,2.0,0.0,0.0
492,4.92,9.84,0.0,0.0,1.0,0.0,0.0,0.0,2.0,0.0,0.0
493,4.93,9.86,0.0,0.0,1.0,0.0,0.0,0.0,2.0,0.0,0.0
494,4.94,9.88,0.0,0.0,1.0,0.0,0.0,0.0,2.0,0.0,0.0
495,4.95,9.9,0.0,0.0,1.0,0.0,0.0,0.0,2.0,0.0,0.0
496,4.96,9.92,0.0,0.0,1.0,0.0,0.0,0.0,2.0,0.0,0.0
497,4.97,9.94,0.0,0.0,1.0,0.0,0.0,0.0,2.0,0.0,0.0
498,4.98,9.96,0.0,0.0,1.0,0.0,0.0,0.0,2.0,0.0,0.0
499,4.99,9.98,0.0,0.0,1.0,0.0,0.0,0.0,2.0,0.0,0.0
500,5.0,10.0,0.0,0.0,1.0,0.0,0.0,0.0,2.0,0.0,0.0
501,5.01,10.02,0.0,0.0,1.0,0.0,0.0,0.0,2.0,0.0,0.0
502,5.0200000000000005,10.040000000000001,0.0,0.0,1.0,0.0,0.0,0.0,2.0,0.0,0.0
503,5.03,10.06,0.0,0.0,1.0,0.0,0.0,0.0,2.0,0.0,0.0
504,5.04,10.08,0.0,0.0,1.0,0.0,0.0,0.0,2.0,0.0,0.0
505,5.05,10.1,0.0,0.0,1.0,0.0,0.0,0.0,2.0,0.0,0.0
506,5.0600000000000005,10.120000000000001,0.0,0.0,1.0,0.0,0.0,0.0,2.0,0.0,0.0
507,5.07,10.14,0.0,0.0,1.0,0.0,0.0,0.0,2.0,0.0,0.0
508,5.08,10.16,0.0,0.0,1.0,0.0,0.0,0.0,2.0,0.0,0.0
509,5.09,10.18,0.0,0.0,1.0,0.0,0.0,0.0,2.0,0.0,0.0
510,5.1000000000000005,10.200000000000001,0.0,0.0,1.0,0.0,0.0,0.0,2.0,0.0,0.0
511,5.11,10.22,0.0,0.0,1.0,0.0,0.0,0.0,2.0,0.0,0.0
512,5.12,10.24,0.0,0.0,1.0,0.0,0.0,0.0,2.0,0.0,0.0
513,5.13,10.26,0.0,0.0,1.0,0.0,0.0,0.0,2.0,0.0,0.0
514,5.14,10.28,0.0,0.0,1.0,0.0,0.0,0.0,2.0,0.0,0.0
515,5.15,10.3,0.0,0.0,1.0,0.0,0.0,0.0,2.0,0.0,0.0
516,5.16,10.32,0.0,0.0,1.0,0.0,0.0,0.0,2.0,0.0,0.0
517,5.17,10.34,0.0,0.0,1.0,0.0,0.0,0.0,2.0,0.0,0.0
518,5.18,10.36,0.0,0.0,1.0,0.0,0.0,0.0,2.0,0.0,0.0
519,5.19,10.38,0.0,0.0,1.0,0.0,0.0,0.0,2.0,0.0,0.0
520,5.2,10.4,0.0,0.0,1.0,0.0,0.0,0.0,2.0,0.0,0.0
521,5.21,10.42,0.0,0.0,1.0,0.0,0.0,0.0,2.0,0.0,0.0
522,5.22,10.44,0.0,0.0,1.0,0.0,0.0,0.0,2.0,0.0,0.0
523,5.23,10.46,0.0,0.0,1.0,0.0,0.0,0.0,2.0,0.0,0.0
524,5.24,10.48,0.0,0.0,1.0,0.0,0.0,0.0,2.0,0.0,0.0
525,5.25,10.5,0.0,0.0,1.0,0.0,0.0,0.0,2.0,0.0,0.0
526,5.26,10.52,0.0,0.0,1.0,0.0,0.0,0.0,2.0,0.0,0.0
527,5.2700000000000005,10.540000000000001,0.0,0.0,1.0,0.0,0.0,0.0,2.0,0.0,0.0
528,5.28,10.56,0.0,0.0,1.0,0.0,0.0,0.0,2.0,0.0,0.0
529,5.29,10.58,0.0,0.0,1.0,0.0,0.0,0.0,2.0,0.0,0.0
530,5.3,10.6,0.0,0.0,1.0,0.0,0.0,0.0,2.0,0.0,0.0
531,5.3100000000000005,10.620000000000001,0.0,0.0,1.0,0.0,0.0,0.0,2.0,0.0,0.0
532,5.32,10.64,0.0,0.0,1.0,0.0,0.0,0.0,2.0,0.0,0.0
533,5.33,10.66,0.0,0.0,1.0,0.0,0.0,0.0,2.0,0.0,0.0
534,5.34,10.68,0.0,0.0,1.0,0.0,0.0,0.0,2.0,0.0,0.0
535,5.3500000000000005,10.700000000000001,0.0,0.0,1.0,0.0,0.0,0.0,2.0,0.0,0.0
536,5.36,10.72,0.0,0.0,1.0,0.0,0.0,0.0,2.0,0.0,0.0
537,5.37,10.74,0.0,0.0,1.0,0.0,0.0,0.0,2.0,0.0,0.0
538,5.38,10.76,0.0,0.0,1.0,0.0,0.0,0.0,2.0,0.0,0.0
539,5.39,10.78,0.0,0.0,1.0,0.0,0.0,0.0,2.0,0.0,0.0
540,5.4,10.8,0.0,0.0,1.0,0.0,0.0,0.0,2.0,0.0,0.0
541,5.41,10.82,0.0,0.0,1.0,0.0,0.0,0.0,2.0,0.0,0.0
542,5.42,10.84,0.0,0.0,1.0,0.0,0.0,0.0,2.0,0.0,0.0
543,5.43,10.86,0.0,0.0,1.0,0.0,0.0,0.0,2.0,0.0,0.0
544,5.44,10.88,0.0,0.0,1.0,0.0,0.0,0.0,2.0,0.0,0.0
545,5.45,10.9,0.0,0.0,1.0,0.0,0.0,0.0,2.0,0.0,0.0
546,5.46,10.92,0.0,0.0,1.0,0.0,0.0,0.0,2.0,0.0,0.0
547,5.47,10.94,0.0,0.0,1.0,0.0,0.0,0.0,2.0,0.0,0.0
548,5.48,10.96,0.0,0.0,1.0,0.0,0.0,0.0,2.0,0.0,0.0
549,5.49,10.98,0.0,0.0,1.0,0.0,0.0,0.0,2.0,0.0,0.0
550,5.5,11.0,0.0,0.0,1.0,0.0,0.0,0.0,2.0,0.0,0.0
551,5.51,11.02,0.0,0.0,1.0,0.0,0.0,0.0,2.0,0.0,0.0
552,5.5200000000000005,11.040000000000001,0.0,0.0,1.0,0.0,0.0,0.0,2.0,0.0,0.0
553,5.53,11.06,0.0,0.0,1.0,0.0,0.0,0.0,2.0,0.0,0.0
554,5.54,11.08,0.0,0.0,1.0,0.0,0.0,0.0,2.0,0.0,0.0
555,5.55,11.1,0.0,0.0,1.0,0.0,0.0,0.0,2.0,0.0,0.0
556,5.5600000000000005,11.120000000000001,0.0,0.0,1.0,0.0,0.0,0.0,2.0,0.0,0.0
557,5.57,11.14,0.0,0.0,1.0,0.0,0.0,0.0,2.0,0.0,0.0
558,5.58,11.16,0.0,0.0,1.0,0.0,0.0,0.0,2.0,0.0,0.0
559,5.59,11.18,0.0,0.0,1.0,0.0,0.0,0.0,2.0,0.0,0.0
560,5.6000000000000005,11.200000000000001,0.0,0.0,1.0,0.0,0.0,0.0,2.0,0.0,0.0
561,5.61,11.22,0.0,0.0,1.0,0.0,0.0,0.0,2.0,0.0,0.0
562,5.62,11.24,0.0,0.0,1.0,0.0,0.0,0.0,2.0,0.0,0.0
563,5.63,11.26,0.0,0.0,1.0,0.0,0.0,0.0,2.0,0.0,0.0
564,5.64,11.28,0.0,0.0,1.0,0.0,0.0,0.0,2.0,0.0,0.0
565,5.65,11.3,0.0,0.0,1.0,0.0,0.0,0.0,2.0,0.0,0.0
566,5.66,11.32,0.0,0.0,1.0,0.0,0.0,0.0,2.0,0.0,0.0
567,5.67,11.34,0.0,0.0,1.0,0.0,0.0,0.0,2.0,0.0,0.0
568,5.68,11.36,0.0,0.0,1.0,0.0,0.0,0.0,2.0,0.0,0.0
569,5.69,11.38,0.0,0.0,1.0,0.0,0.0,0.0,2.0,0.0,0.0
570,5.7,11.4,0.0,0.0,1.0,0.0,0.0,0.0,2.0,0.0,0.0
571,5.71,11.42,0.0,0.0,1.0,0.0,0.0,0.0,2.0,0.0,0.0
572,5.72,11.44,0.0,0.0,1.0,0.0,0.0,0.0,2.0,0.0,0.0
573,5.73,11.46,0.0,0.0,1.0,0.0,0.0,0.0,2.0,0.0,0.0
574,5.74,11.48,0.0,0.0,1.0,0.0,0.0,0.0,2.0,0.0,0.0
575,5.75,11.5,0.0,0.0,1.0,0.0,0.0,0.0,2.0,0.0,0.0
576,5.76,11.52,0.0,0.0,1.0,0.0,0.0,0.0,2.0,0.0,0.0
577,5.7700000000000005,11.540000000000001,0.0,0.0,1.0,0.0,0.0,0.0,2.0,0.0,0.0
578,5.78,11.56,0.0,0.0,1.0,0.0,0.0,0.0,2.0,0.0,0.0
579,5.79,11.58,0.0,0.0,1.0,0.0,0.0,0.0,2.0,0.0,0.0
580,5.8,11.6,0.0,0.0,1.0,0.0,0.0,0.0,2.0,0.0,0.0
581,5.8100000000000005,11.620000000000001,0.0,0.0,1.0,0.0,0.0,0.0,2.0,0.0,0.0
582,5.82,11.64,0.0,0.0,1.0,0.0,0.0,0.0,2.0,0.0,0.0
583,5.83,11.66,0.0,0.0,1.0,0.0,0.0,0.0,2.0,0.0,0.0
584,5.84,11.68,0.0,0.0,1.0,0.0,0.0,0.0,2.0,0.0,0.0
585,5.8500000000000005,11.700000000000001,0.0,0.0,1.0,0.0,0.0,0.0,2.0,0.0,0.0
586,5.86,11.72,0.0,0.0,1.0,0.0,0.0,0.0,2.0,0.0,0.0
587,5.87,11.74,0.0,0.0,1.0,0.0,0.0,0.0,2.0,0.0,0.0
588,5.88,11.76,0.0,0.0,1.0,0.0,0.0,0.0,2.0,0.0,0.0
589,5.89,11.78,0.0,0.0,1.0,0.0,0.0,0.0,2.0,0.0,0.0
590,5.9,11.8,0.0,0.0,1.0,0.0,0.0,0.0,2.0,0.0,0.0
591,5.91,11.82,0.0,0.0,1.0,0.0,0.0,0.0,2.0,0.0,0.0
592,5.92,11.84,0.0,0.0,1.0,0.0,0.0,0.0,2.0,0.0,0.0
593,5.93,11.86,0.0,0.0,1.0,0.0,0.0,0.0,2.0,0.0,0.0
594,5.94,11.88,0.0,0.0,1.0,0.0,0.0,0.0,2.0,0.0,0.0
595,5.95,11.9,0.0,0.0,1.0,0.0,0.0,0.0,2.0,0.0,0.0
596,5.96,11.92,0.0,0.0,1.0,0.0,0.0,0.0,2.0,0.0,0.0
597,5.97,11.94,0.0,0.0,1.0,0.0,0.0,0.0,2.0,0.0,0.0
598,5.98,11.96,0.0,0.0,1.0,0.0,0.0,0.0,2.0,0.0,0.0
599,5.99,11.98,0.0,0.0,1.0,0.0,0.0,0.0,2.0,0.0,0.0
600,6.0,12.0,0.0,0.0,1.0,0.0,0.0,0.0,2.0,0.0,0.0
601,6.01,12.02,0.0,0.0,1.0,0.0,0.0,0.0,2.0,0.0,0.0
602,6.0200000000000005,12.040000000000001,0.0,0.0,1.0,0.0,0.0,0.0,2.0,0.0,0.0
603,6.03,12.06,0.0,0.0,1.0,0.0,0.0,0.0,2.0,0.0,0.0
604,6.04,12.08,0.0,0.0,1.0,0.0,0.0,0.0,2.0,0.0,0.0
605,6.05,12.1,0.0,0.0,1.0,0.0,0.0,0.0,2.0,0.0,0.0
606,6.0600000000000005,12.120000000000001,0.0,0.0,1.0,0.0,0.0,0.0,2.0,0.0,0.0
607,6.07,12.14,0.0,0.0,1.0,0.0,0.0,0.0,2.0,0.0,0.0
608,6.08,12.16,0.0,0.0,1.0,0.0,0.0,0.0,2.0,0.0,0.0
609,6.09,12.18,0.0,0.0,1.0,0.0,0.0,0.0,2.0,0.0,0.0
610,6.1000000000000005,12.200000000000001,0.0,0.0,1.0,0.0,0.0,0.0,2.0,0.0,0.0
611,6.11,12.22,0.0,0.0,1.0,0.0,0.0,0.0,2.0,0.0,0.0
612,6.12,12.24,0.0,0.0,1.0,0.0,0.0,0.0,2.0,0.0,0.0
613,6.13,12.26,0.0,0.0,1.0,0.0,0.0,0.0,2.0,0.0,0.0
614,6.140000000000001,12.280000000000001,0.0,0.0,1.0,0.0,0.0,0.0,2.0,0.0,0.0
615,6.15,12.3,0.0,0.0,1.0,0.0,0.0,0.0,2.0,0.0,0.0
616,6.16,12.32,0.0,0.0,1.0,0.0,0.0,0.0,2.0,0.0,0.0
617,6.17,12.34,0.0,0.0,1.0,0.0,0.0,0.0,2.0,0.0,0.0
618,6.18,12.36,0.0,0.0,1.0,0.0,0.0,0.0,2.0,0.0,0.0
619,6.19,12.38,0.0,0.0,1.0,0.0,0.0,0.0,2.0,0.0,0.0
620,6.2,12.4,0.0,0.0,1.0,0.0,0.0,0.0,2.0,0.0,0.0
621,6.21,12.42,0.0,0.0,1.0,0.0,0.0,0.0,2.0,0.0,0.0
622,6.22,12.44,0.0,0.0,1.0,0.0,0.0,0.0,2.0,0.0,0.0
623,6.23,12.46,0.0,0.0,1.0,0.0,0.0,0.0,2.0,0.0,0.0
624,6.24,12.48,0.0,0.0,1.0,0.0,0.0,0.0,2.0,0.0,0.0
625,6.25,12.5,0.0,0.0,1.0,0.0,0.0,0.0,2.0,0.0,0.0
626,6.26,12.52,0.0,0.0,1.0,0.0,0.0,0.0,2.0,0.0,0.0
627,6.2700000000000005,12.540000000000001,0.0,0.0,1.0,0.0,0.0,0.0,2.0,0.0,0.0
628,6.28,12.56,0.0,0.0,1.0,0.0,0.0,0.0,2.0,0.0,0.0
629,6.29,12.58,0.0,0.0,1.0,0.0,0.0,0.0,2.0,0.0,0.0
630,6.3,12.6,0.0,0.0,1.0,0.0,0.0,0.0,2.0,0.0,0.0
631,6.3100000000000005,12.620000000000001,0.0,0.0,1.0,0.0,0.0,0.0,2.0,0.0,0.0
632,6.32,12.64,0.0,0.0,1.0,0.0,0.0,0.0,2.0,0.0,0.0
633,6.33,12.66,0.0,0.0,1.0,0.0,0.0,0.0,2.0,0.0,0.0
634,6.34,12.68,0.0,0.0,1.0,0.0,0.0,0.0,2.0,0.0,0.0
635,6.3500000000000005,12.700000000000001,0.0,0.0,1.0,0.0,0.0,0.0,2.0,0.0,0.0
636,6.36,12.72,0.0,0.0,1.0,0.0,0.0,0.0,2.0,0.0,0.0
637,6.37,12.74,0.0,0.0,1.0,0.0,0.0,0.0,2.0,0.0,0.0
638,6.38,12.76,0.0,0.0,1.0,0.0,0.0,0.0,2.0,0.0,0.0
639,6.390000000000001,12.780000000000001,0.0,0.0,1.0,0.0,0.0,0.0,2.0,0.0,0.0
640,6.4,12.8,0.0,0.0,1.0,0.0,0.0,0.0,2.0,0.0,0.0
641,6.41,12.82,0.0,0.0,1.0,0.0,0.0,0.0,2.0,0.0,0.0
642,6.42,12.84,0.0,0.0,1.0,0.0,0.0,0.0,2.0,0.0,0.0
643,6.43,12.86,0.0,0.0,1.0,0.0,0.0,0.0,2.0,0.0,0.0
644,6.44,12.88,0.0,0.0,1.0,0.0,0.0,0.0,2.0,0.0,0.0
645,6.45,12.9,0.0,0.0,1.0,0.0,0.0,0.0,2.0,0.0,0.0
646,6.46,12.92,0.0,0.0,1.0,0.0,0.0,0.0,2.0,0.0,0.0
647,6.47,12.94,0.0,0.0,1.0,0.0,0.0,0.0,2.0,0.0,0.0
648,6.48,12.96,0.0,0.0,1.0,0.0,0.0,0.0,2.0,0.0,0.0
649,6.49,12.98,0.0,0.0,1.0,0.0,0.0,0.0,2.0,0.0,0.0
650,6.5,13.0,0.0,0.0,1.0,0.0,0.0,0.0,2.0,0.0,0.0
651,6.51,13.02,0.0,0.0,1.0,0.0,0.0,0.0,2.0,0.0,0.0
652,6.5200000000000005,13.040000000000001,0.0,0.0,1.0,0.0,0.0,0.0,2.0,0.0,0.0
653,6.53,13.06,0.0,0.0,1.0,0.0,0.0,0.0,2.0,0.0,0.0
654,6.54,13.08,0.0,0.0,1.0,0.0,0.0,0.0,2.0,0.0,0.0
655,6.55,13.1,0.0,0.0,1.0,0.0,0.0,0.0,2.0,0.0,0.0
656,6.5600000000000005,13.120000000000001,0.0,0.0,1.0,0.0,0.0,0.0,2.0,0.0,0.0
657,6.57,13.14,0.0,0.0,1.0,0.0,0.0,0.0,2.0,0.0,0.0
658,6.58,13.16,0.0,0.0,1.0,0.0,0.0,0.0,2.0,0.0,0.0
659,6.59,13.18,0.0,0.0,1.0,0.0,0.0,0.0,2.0,0.0,0.0
660,6.6000000000000005,13.200000000000001,0.0,0.0,1.0,0.0,0.0,0.0,2.0,0.0,0.0
661,6.61,13.22,0.0,0.0,1.0,0.0,0.0,0.0,2.0,0.0,0.0
662,6.62,13.24,0.0,0.0,1.0,0.0,0.0,0.0,2.0,0.0,0.0
663,6.63,13.26,0.0,0.0,1.0,0.0,0.0,0.0,2.0,0.0,0.0
664,6.640000000000001,13.280000000000001,0.0,0.0,1.0,0.0,0.0,0.0,2.0,0.0,0.0
665,6.65,13.3,0.0,0.0,1.0,0.0,0.0,0.0,2.0,0.0,0.0
666,6.66,13.32,0.0,0.0,1.0,0.0,0.0,0.0,2.0,0.0,0.0
667,6.67,13.34,0.0,0.0,1.0,0.0,0.0,0.0,2.0,0.0,0.0
668,6.68,13.36,0.0,0.0,1.0,0.0,0.0,0.0,2.0,0.0,0.0
669,6.69,13.38,0.0,0.0,1.0,0.0,0.0,0.0,2.0,0.0,0.0
670,6.7,13.4,0.0,0.0,1.0,0.0,0.0,0.0,2.0,0.0,0.0
671,6.71,13.42,0.0,0.0,1.0,0.0,0.0,0.0,2.0,0.0,0.0
672,6.72,13.44,0.0,0.0,1.0,0.0,0.0,0.0,2.0,0.0,0.0
673,6.73,13.46,0.0,0.0,1.0,0.0,0.0,0.0,2.0,0.0,0.0
674,6.74,13.48,0.0,0.0,1.0,0.0,0.0,0.0,2.0,0.0,0.0
675,6.75,13.5,0.0,0.0,1.0,0.0,0.0,0.0,2.0,0.0,0.0
676,6.76,13.52,0.0,0.0,1.0,0.0,0.0,0.0,2.0,0.0,0.0
677,6.7700000000000005,13.540000000000001,0.0,0.0,1.0,0.0,0.0,0.0,2.0,0.0,0.0
678,6.78,13.56,0.0,0.0,1.0,0.0,0.0,0.0,2.0,0.0,0.0
679,6.79,13.58,0.0,0.0,1.0,0.0,0.0,0.0,2.0,0.0,0.0
680,6.8,13.6,0.0,0.0,1.0,0.0,0.0,0.0,2.0,0.0,0.0
681,6.8100000000000005,13.620000000000001,0.0,0.0,1.0,0.0,0.0,0.0,2.0,0.0,0.0
682,6.82,13.64,0.0,0.0,1.0,0.0,0.0,0.0,2.0,0.0,0.0
683,6.83,13.66,0.0,0.0,1.0,0.0,0.0,0.0,2.0,0.0,0.0
684,6.84,13.68,0.0,0.0,1.0,0.0,0.0,0.0,2.0,0.0,0.0
685,6.8500000000000005,13.700000000000001,0.0,0.0,1.0,0.0,0.0,0.0,2.0,0.0,0.0
686,6.86,13.72,0.0,0.0,1.0,0.0,0.0,0.0,2.0,0.0,0.0
687,6.87,13.74,0.0,0.0,1.0,0.0,0.0,0.0,2.0,0.0,0.0
688,6.88,13.76,0.0,0.0,1.0,0.0,0.0,0.0,2.0,0.0,0.0
689,6.890000000000001,13.780000000000001,0.0,0.0,1.0,0.0,0.0,0.0,2.0,0.0,0.0
690,6.9,13.8,0.0,0.0,1.0,0.0,0.0,0.0,2.0,0.0,0.0
691,6.91,13.82,0.0,0.0,1.0,0.0,0.0,0.0,2.0,0.0,0.0
692,6.92,13.84,0.0,0.0,1.0,0.0,0.0,0.0,2.0,0.0,0.0
693,6.93,13.86,0.0,0.0,1.0,0.0,0.0,0.0,2.0,0.0,0.0
694,6.94,13.88,0.0,0.0,1.0,0.0,0.0,0.0,2.0,0.0,0.0
695,6.95,13.9,0.0,0.0,1.0,0.0,0.0,0.0,2.0,0.0,0.0
696,6.96,13.92,0.0,0.0,1.0,0.0,0.0,0.0,2.0,0.0,0.0
697,6.97,13.94,0.0,0.0,1.0,0.0,0.0,0.0,2.0,0.0,0.0
698,6.98,13.96,0.0,0.0,1.0,0.0,0.0,0.0,2.0,0.0,0.0
699,6.99,13.98,0.0,0.0,1.0,0.0,0.0,0.0,2.0,0.0,0.0
700,7.0,14.0,0.0,0.0,1.0,0.0,0.0,0.0,2.0,0.0,0.0
701,7.01,14.02,0.0,0.0,1.0,0.0,0.0,0.0,2.0,0.0,0.0
702,7.0200000000000005,14.040000000000001,0.0,0.0,1.0,0.0,0.0,0.0,2.0,0.0,0.0
703,7.03,14.06,0.0,0.0,1.0,0.0,0.0,0.0,2.0,0.0,0.0
704,7.04,14.08,0.0,0.0,1.0,0.0,0.0,0.0,2.0,0.0,0.0
705,7.05,14.1,0.0,0.0,1.0,0.0,0.0,0.0,2.0,0.0,0.0
706,7.0600000000000005,14.120000000000001,0.0,0.0,1.0,0.0,0.0,0.0,2.0,0.0,0.0
707,7.07,14.14,0.0,0.0,1.0,0.0,0.0,0.0,2.0,0.0,0.0
708,7.08,14.16,0.0,0.0,1.0,0.0,0.0,0.0,2.0,0.0,0.0
709,7.09,14.18,0.0,0.0,1.0,0.0,0.0,0.0,2.0,0.0,0.0
710,7.1000000000000005,14.200000000000001,0.0,0.0,1.0,0.0,0.0,0.0,2.0,0.0,0.0
711,7.11,14.22,0.0,0.0,1.0,0.0,0.0,0.0,2.0,0.0,0.0
712,7.12,14.24,0.0,0.0,1.0,0.0,0.0,0.0,2.0,0.0,0.0
713,7.13,14.26,0.0,0.0,1.0,0.0,0.0,0.0,2.0,0.0,0.0
714,7.140000000000001,14.280000000000001,0.0,0.0,1.0,0.0,0.0,0.0,2.0,0.0,0.0
715,7.15,14.3,0.0,0.0,1.0,0.0,0.0,0.0,2.0,0.0,0.0
716,7.16,14.32,0.0,0.0,1.0,0.0,0.0,0.0,2.0,0.0,0.0
717,7.17,14.34,0.0,0.0,1.0,0.0,0.0,0.0,2.0,0.0,0.0
718,7.18,14.36,0.0,0.0,1.0,0.0,0.0,0.0,2.0,0.0,0.0
719,7.19,14.38,0.0,0.0,1.0,0.0,0.0,0.0,2.0,0.0,0.0
720,7.2,14.4,0.0,0.0,1.0,0.0,0.0,0.0,2.0,0.0,0.0
721,7.21,14.42,0.0,0.0,1.0,0.0,0.0,0.0,2.0,0.0,0.0
722,7.22,14.44,0.0,0.0,1.0,0.0,0.0,0.0,2.0,0.0,0.0
723,7.23,14.46,0.0,0.0,1.0,0.0,0.0,0.0,2.0,0.0,0.0
724,7.24,14.48,0.0,0.0,1.0,0.0,0.0,0.0,2.0,0.0,0.0
725,7.25,14.5,0.0,0.0,1.0,0.0,0.0,0.0,2.0,0.0,0.0
726,7.26,14.52,0.0,0.0,1.0,0.0,0.0,0.0,2.0,0.0,0.0
727,7.2700000000000005,14.540000000000001,0.0,0.0,1.0,0.0,0.0,0.0,2.0,0.0,0.0
728,7.28,14.56,0.0,0.0,1.0,0.0,0.0,0.0,2.0,0.0,0.0
729,7.29,14.58,0.0,0.0,1.0,0.0,0.0,0.0,2.0,0.0,0.0
730,7.3,14.6,0.0,0.0,1.0,0.0,0.0,0.0,2.0,0.0,0.0
731,7.3100000000000005,14.620000000000001,0.0,0.0,1.0,0.0,0.0,0.0,2.0,0.0,0.0
732,7.32,14.64,0.0,0.0,1.0,0.0,0.0,0.0,2.0,0.0,0.0
733,7.33,14.66,0.0,0.0,1.0,0.0,0.0,0.0,2.0,0.0,0.0
734,7.34,14.68,0.0,0.0,1.0,0.0,0.0,0.0,2.0,0.0,0.0
735,7.3500000000000005,14.700000000000001,0.0,0.0,1.0,0.0,0.0,0.0,2.0,0.0,0.0
736,7.36,14.72,0.0,0.0,1.0,0.0,0.0,0.0,2.0,0.0,0.0
737,7.37,14.74,0.0,0.0,1.0,0.0,0.0,0.0,2.0,0.0,0.0
738,7.38,14.76,0.0,0.0,1.0,0.0,0.0,0.0,2.0,0.0,0.0
739,7.390000000000001,14.780000000000001,0.0,0.0,1.0,0.0,0.0,0.0,2.0,0.0,0.0
740,7.4,14.8,0.0,0.0,1.0,0.0,0.0,0.0,2.0,0.0,0.0
741,7.41,14.82,0.0,0.0,1.0,0.0,0.0,0.0,2.0,0.0,0.0
742,7.42,14.84,0.0,0.0,1.0,0.0,0.0,0.0,2.0,0.0,0.0
743,7.43,14.86,0.0,0.0,1.0,0.0,0.0,0.0,2.0,0.0,0.0
744,7.44,14.88,0.0,0.0,1.0,0.0,0.0,0.0,2.0,0.0,0.0
745,7.45,14.9,0.0,0.0,1.0,0.0,0.0,0.0,2.0,0.0,0.0
746,7.46,14.92,0.0,0.0,1.0,0.0,0.0,0.0,2.0,0.0,0.0
747,7.47,14.94,0.0,0.0,1.0,0.0,0.0,0.0,2.0,0.0,0.0
748,7.48,14.96,0.0,0.0,1.0,0.0,0.0,0.0,2.0,0.0,0.0
749,7.49,14.98,0.0,0.0,1.0,0.0,0.0,0.0,2.0,0.0,0.0
750,7.5,15.0,0.0,0.0,1.0,0.0,0.0,0.0,2.0,0.0,0.0
751,7.51,15.02,0.0,0.0,1.0,0.0,0.0,0.0,2.0,0.0,0.0
752,7.5200000000000005,15.040000000000001,0.0,0.0,1.0,0.0,0.0,0.0,2.0,0.0,0.0
753,7.53,15.06,0.0,0.0,1.0,0.0,0.0,0.0,2.0,0.0,0.0
754,7.54,15.08,0.0,0.0,1.0,0.0,0.0,0.0,2.0,0.0,0.0
755,7.55,15.1,0.0,0.0,1.0,0.0,0.0,0.0,2.0,0.0,0.0
756,7.5600000000000005,15.120000000000001,0.0,0.0,1.0,0.0,0.0,0.0,2.0,0.0,0.0
757,7.57,15.14,0.0,0.0,1.0,0.0,0.0,0.0,2.0,0.0,0.0
758,7.58,15.16,0.0,0.0,1.0,0.0,0.0,0.0,2.0,0.0,0.0
759,7.59,15.18,0.0,0.0,1.0,0.0,0.0,0.0,2.0,0.0,0.0
760,7.6000000000000005,15.200000000000001,0.0,0.0,1.0,0.0,0.0,0.0,2.0,0.0,0.0
761,7.61,15.22,0.0,0.0,1.0,0.0,0.0,0.0,2.0,0.0,0.0
762,7.62,15.24,0.0,0.0,1.0,0.0,0.0,0.0,2.0,0.0,0.0
763,7.63,15.26,0.0,0.0,1.0,0.0,0.0,0.0,2.0,0.0,0.0
764,7.640000000000001,15.280000000000001,0.0,0.0,1.0,0.0,0.0,0.0,2.0,0.0,0.0
765,7.65,15.3,0.0,0.0,1.0,0.0,0.0,0.0,2.0,0.0,0.0
766,7.66,15.32,0.0,0.0,1.0,0.0,0.0,0.0,2.0,0.0,0.0
767,7.67,15.34,0.0,0.0,1.0,0.0,0.0,0.0,2.0,0.0,0.0
768,7.68,15.36,0.0,0.0,1.0,0.0,0.0,0.0,2.0,0.0,0.0
769,7.69,15.38,0.0,0.0,1.0,0.0,0.0,0.0,2.0,0.0,0.0
770,7.7,15.4,0.0,0.0,1.0,0.0,0.0,0.0,2.0,0.0,0.0
771,7.71,15.42,0.0,0.0,1.0,0.0,0.0,0.0,2.0,0.0,0.0
772,7.72,15.44,0.0,0.0,1.0,0.0,0.0,0.0,2.0,0.0,0.0
773,7.73,15.46,0.0,0.0,1.0,0.0,0.0,0.0,2.0,0.0,0.0
774,7.74,15.48,0.0,0.0,1.0,0.0,0.0,0.0,2.0,0.0,0.0
775,7.75,15.5,0.0,0.0,1.0,0.0,0.0,0.0,2.0,0.0,0.0
776,7.76,15.52,0.0,0.0,1.0,0.0,0.0,0.0,2.0,0.0,0.0
777,7.7700000000000005,15.540000000000001,0.0,0.0,1.0,0.0,0.0,0.0,2.0,0.0,0.0
778,7.78,15.56,0.0,0.0,1.0,0.0,0.0,0.0,2.0,0.0,0.0
779,7.79,15.58,0.0,0.0,1.0,0.0,0.0,0.0,2.0,0.0,0.0
780,7.8,15.6,0.0,0.0,1.0,0.0,0.0,0.0,2.0,0.0,0.0
781,7.8100000000000005,15.620000000000001,0.0,0.0,1.0,0.0,0.0,0.0,2.0,0.0,0.0
782,7.82,15.64,0.0,0.0,1.0,0.0,0.0,0.0,2.0,0.0,0.0
783,7.83,15.66,0.0,0.0,1.0,0.0,0.0,0.0,2.0,0.0,0.0
784,7.84,15.68,0.0,0.0,1.0,0.0,0.0,0.0,2.0,0.0,0.0
785,7.8500000000000005,15.700000000000001,0.0,0.0,1.0,0.0,0.0,0.0,2.0,0.0,0.0
786,7.86,15.72,0.0,0.0,1.0,0.0,0.0,0.0,2.0,0.0,0.0
787,7.87,15.74,0.0,0.0,1.0,0.0,0.0,0.0,2.0,0.0,0.0
788,7.88,15.76,0.0,0.0,1.0,0.0,0.0,0.0,2.0,0.0,0.0
789,7.890000000000001,15.780000000000001,0.0,0.0,1.0,0.0,0.0,0.0,2.0,0.0,0.0
790,7.9,15.8,0.0,0.0,1.0,0.0,0.0,0.0,2.0,0.0,0.0
791,7.91,15.82,0.0,0.0,1.0,0.0,0.0,0.0,2.0,0.0,0.0
792,7.92,15.84,0.0,0.0,1.0,0.0,0.0,0.0,2.0,0.0,0.0
793,7.930000000000001,15.860000000000001,0.0,0.0,1.0,0.0,0.0,0.0,2.0,0.0,0.0
794,7.94,15.88,0.0,0.0,1.0,0.0,0.0,0.0,2.0,0.0,0.0
795,7.95,15.9,0.0,0.0,1.0,0.0,0.0,0.0,2.0,0.0,0.0
796,7.96,15.92,0.0,0.0,1.0,0.0,0.0,0.0,2.0,0.0,0.0
797,7.97,15.94,0.0,0.0,1.0,0.0,0.0,0.0,2.0,0.0,0.0
798,7.98,15.96,0.0,0.0,1.0,0.0,0.0,0.0,2.0,0.0,0.0
799,7.99,15.98,0.0,0.0,1.0,0.0,0.0,0.0,2.0,0.0,0.0
800,8.0,16.0,0.0,0.0,1.0,0.0,0.0,0.0,2.0,0.0,0.0
801,8.01,16.02,0.0,0.0,1.0,0.0,0.0,0.0,2.0,0.0,0.0
802,8.02,16.04,0.0,0.0,1.0,0.0,0.0,0.0,2.0,0.0,0.0
803,8.03,16.06,0.0,0.0,1.0,0.0,0.0,0.0,2.0,0.0,0.0
804,8.040000000000001,16.080000000000002,0.0,0.0,1.0,0.0,0.0,0.0,2.0,0.0,0.0
805,8.05,16.1,0.0,0.0,1.0,0.0,0.0,0.0,2.0,0.0,0.0
806,8.06,16.12,0.0,0.0,1.0,0.0,0.0,0.0,2.0,0.0,0.0
807,8.07,16.14,0.0,0.0,1.0,0.0,0.0,0.0,2.0,0.0,0.0
808,8.08,16.16,0.0,0.0,1.0,0.0,0.0,0.0,2.0,0.0,0.0
809,8.09,16.18,0.0,0.0,1.0,0.0,0.0,0.0,2.0,0.0,0.0
810,8.1,16.2,0.0,0.0,1.0,0.0,0.0,0.0,2.0,0.0,0.0
811,8.11,16.22,0.0,0.0,1.0,0.0,0.0,0.0,2.0,0.0,0.0
812,8.120000000000001,16.240000000000002,0.0,0.0,1.0,0.0,0.0,0.0,2.0,0.0,0.0
813,8.13,16.26,0.0,0.0,1.0,0.0,0.0,0.0,2.0,0.0,0.0
814,8.14,16.28,0.0,0.0,1.0,0.0,0.0,0.0,2.0,0.0,0.0
815,8.15,16.3,0.0,0.0,1.0,0.0,0.0,0.0,2.0,0.0,0.0
816,8.16,16.32,0.0,0.0,1.0,0.0,0.0,0.0,2.0,0.0,0.0
817,8.17,16.34,0.0,0.0,1.0,0.0,0.0,0.0,2.0,0.0,0.0
818,8.18,16.36,0.0,0.0,1.0,0.0,0.0,0.0,2.0,0.0,0.0
819,8.19,16.38,0.0,0.0,1.0,0.0,0.0,0.0,2.0,0.0,0.0
820,8.2,16.4,0.0,0.0,1.0,0.0,0.0,0.0,2.0,0.0,0.0
821,8.21,16.42,0.0,0.0,1.0,0.0,0.0,0.0,2.0,0.0,0.0
822,8.22,16.44,0.0,0.0,1.0,0.0,0.0,0.0,2.0,0.0,0.0
823,8.23,16.46,0.0,0.0,1.0,0.0,0.0,0.0,2.0,0.0,0.0
824,8.24,16.48,0.0,0.0,1.0,0.0,0.0,0.0,2.0,0.0,0.0
825,8.25,16.5,0.0,0.0,1.0,0.0,0.0,0.0,2.0,0.0,0.0
826,8.26,16.52,0.0,0.0,1.0,0.0,0.0,0.0,2.0,0.0,0.0
827,8.27,16.54,0.0,0.0,1.0,0.0,0.0,0.0,2.0,0.0,0.0
828,8.28,16.56,0.0,0.0,1.0,0.0,0.0,0.0,2.0,0.0,0.0
829,8.290000000000001,16.580000000000002,0.0,0.0,1.0,0.0,0.0,0.0,2.0,0.0,0.0
830,8.3,16.6,0.0,0.0,1.0,0.0,0.0,0.0,2.0,0.0,0.0
831,8.31,16.62,0.0,0.0,1.0,0.0,0.0,0.0,2.0,0.0,0.0
832,8.32,16.64,0.0,0.0,1.0,0.0,0.0,0.0,2.0,0.0,0.0
833,8.33,16.66,0.0,0.0,1.0,0.0,0.0,0.0,2.0,0.0,0.0
834,8.34,16.68,0.0,0.0,1.0,0.0,0.0,0.0,2.0,0.0,0.0
835,8.35,16.7,0.0,0.0,1.0,0.0,0.0,0.0,2.0,0.0,0.0
836,8.36,16.72,0.0,0.0,1.0,0.0,0.0,0.0,2.0,0.0,0.0
837,8.370000000000001,16.740000000000002,0.0,0.0,1.0,0.0,0.0,0.0,2.0,0.0,0.0
838,8.38,16.76,0.0,0.0,1.0,0.0,0.0,0.0,2.0,0.0,0.0
839,8.39,16.78,0.0,0.0,1.0,0.0,0.0,0.0,2.0,0.0,0.0
840,8.4,16.8,0.0,0.0,1.0,0.0,0.0,0.0,2.0,0.0,0.0
841,8.41,16.82,0.0,0.0,1.0,0.0,0.0,0.0,2.0,0.0,0.0
842,8.42,16.84,0.0,0.0,1.0,0.0,0.0,0.0,2.0,0.0,0.0
843,8.43,16.86,0.0,0.0,1.0,0.0,0.0,0.0,2.0,0.0,0.0
844,8.44,16.88,0.0,0.0,1.0,0.0,0.0,0.0,2.0,0.0,0.0
845,8.45,16.9,0.0,0.0,1.0,0.0,0.0,0.0,2.0,0.0,0.0
846,8.46,16.92,0.0,0.0,1.0,0.0,0.0,0.0,2.0,0.0,0.0
847,8.47,16.94,0.0,0.0,1.0,0.0,0.0,0.0,2.0,0.0,0.0
848,8.48,16.96,0.0,0.0,1.0,0.0,0.0,0.0,2.0,0.0,0.0
849,8.49,16.98,0.0,0.0,1.0,0.0,0.0,0.0,2.0,0.0,0.0
850,8.5,17.0,0.0,0.0,1.0,0.0,0.0,0.0,2.0,0.0,0.0
851,8.51,17.02,0.0,0.0,1.0,0.0,0.0,0.0,2.0,0.0,0.0
852,8.52,17.04,0.0,0.0,1.0,0.0,0.0,0.0,2.0,0.0,0.0
853,8.53,17.06,0.0,0.0,1.0,0.0,0.0,0.0,2.0,0.0,0.0
854,8.540000000000001,17.080000000000002,0.0,0.0,1.0,0.0,0.0,0.0,2.0,0.0,0.0
855,8.55,17.1,0.0,0.0,1.0,0.0,0.0,0.0,2.0,0.0,0.0
856,8.56,17.12,0.0,0.0,1.0,0.0,0.0,0.0,2.0,0.0,0.0
857,8.57,17.14,0.0,0.0,1.0,0.0,0.0,0.0,2.0,0.0,0.0
858,8.58,17.16,0.0,0.0,1.0,0.0,0.0,0.0,2.0,0.0,0.0
859,8.59,17.18,0.0,0.0,1.0,0.0,0.0,0.0,2.0,0.0,0.0
860,8.6,17.2,0.0,0.0,1.0,0.0,0.0,0.0,2.0,0.0,0.0
861,8.61,17.22,0.0,0.0,1.0,0.0,0.0,0.0,2.0,0.0,0.0
862,8.620000000000001,17.240000000000002,0.0,0.0,1.0,0.0,0.0,0.0,2.0,0.0,0.0
863,8.63,17.26,0.0,0.0,1.0,0.0,0.0,0.0,2.0,0.0,0.0
864,8.64,17.28,0.0,0.0,1.0,0.0,0.0,0.0,2.0,0.0,0.0
865,8.65,17.3,0.0,0.0,1.0,0.0,0.0,0.0,2.0,0.0,0.0
866,8.66,17.32,0.0,0.0,1.0,0.0,0.0,0.0,2.0,0.0,0.0
867,8.67,17.34,0.0,0.0,1.0,0.0,0.0,0.0,2.0,0.0,0.0
868,8.68,17.36,0.0,0.0,1.0,0.0,0.0,0.0,2.0,0.0,0.0
869,8.69,17.38,0.0,0.0,1.0,0.0,0.0,0.0,2.0,0.0,0.0
870,8.700000000000001,17.400000000000002,0.0,0.0,1.0,0.0,0.0,0.0,2.0,0.0,0.0
871,8.71,17.42,0.0,0.0,1.0,0.0,0.0,0.0,2.0,0.0,0.0
872,8.72,17.44,0.0,0.0,1.0,0.0,0.0,0.0,2.0,0.0,0.0
873,8.73,17.46,0.0,0.0,1.0,0.0,0.0,0.0,2.0,0.0,0.0
874,8.74,17.48,0.0,0.0,1.0,0.0,0.0,0.0,2.0,0.0,0.0
875,8.75,17.5,0.0,0.0,1.0,0.0,0.0,0.0,2.0,0.0,0.0
876,8.76,17.52,0.0,0.0,1.0,0.0,0.0,0.0,2.0,0.0,0.0
877,8.77,17.54,0.0,0.0,1.0,0.0,0.0,0.0,2.0,0.0,0.0
878,8.78,17.56,0.0,0.0,1.0,0.0,0.0,0.0,2.0,0.0,0.0
879,8.790000000000001,17.580000000000002,0.0,0.0,1.0,0.0,0.0,0.0,2.0,0.0,0.0
880,8.8,17.6,0.0,0.0,1.0,0.0,0.0,0.0,2.0,0.0,0.0
881,8.81,17.62,0.0,0.0,1.0,0.0,0.0,0.0,2.0,0.0,0.0
882,8.82,17.64,0.0,0.0,1.0,0.0,0.0,0.0,2.0,0.0,0.0
883,8.83,17.66,0.0,0.0,1.0,0.0,0.0,0.0,2.0,0.0,0.0
884,8.84,17.68,0.0,0.0,1.0,0.0,0.0,0.0,2.0,0.0,0.0
885,8.85,17.7,0.0,0.0,1.0,0.0,0.0,0.0,2.0,0.0,0.0
886,8.86,17.72,0.0,0.0,1.0,0.0,0.0,0.0,2.0,0.0,0.0
887,8.870000000000001,17.740000000000002,0.0,0.0,1.0,0.0,0.0,0.0,2.0,0.0,0.0
888,8.88,17.76,0.0,0.0,1.0,0.0,0.0,0.0,2.0,0.0,0.0
889,8.89,17.78,0.0,0.0,1.0,0.0,0.0,0.0,2.0,0.0,0.0
890,8.9,17.8,0.0,0.0,1.0,0.0,0.0,0.0,2.0,0.0,0.0
891,8.91,17.82,0.0,0.0,1.0,0.0,0.0,0.0,2.0,0.0,0.0
892,8.92,17.84,0.0,0.0,1.0,0.0,0.0,0.0,2.0,0.0,0.0
893,8.93,17.86,0.0,0.0,1.0,0.0,0.0,0.0,2.0,0.0,0.0
894,8.94,17.88,0.0,0.0,1.0,0.0,0.0,0.0,2.0,0.0,0.0
895,8.950000000000001,17.900000000000002,0.0,0.0,1.0,0.0,0.0,0.0,2.0,0.0,0.0
896,8.96,17.92,0.0,0.0,1.0,0.0,0.0,0.0,2.0,0.0,0.0
897,8.97,17.94,0.0,0.0,1.0,0.0,0.0,0.0,2.0,0.0,0.0
898,8.98,17.96,0.0,0.0,1.0,0.0,0.0,0.0,2.0,0.0,0.0
899,8.99,17.98,0.0,0.0,1.0,0.0,0.0,0.0,2.0,0.0,0.0
900,9.0,18.0,0.0,0.0,1.0,0.0,0.0,0.0,2.0,0.0,0.0
901,9.01,18.02,0.0,0.0,1.0,0.0,0.0,0.0,2.0,0.0,0.0
902,9.02,18.04,0.0,0.0,1.0,0.0,0.0,0.0,2.0,0.0,0.0
903,9.03,18.06,0.0,0.0,1.0,0.0,0.0,0.0,2.0,0.0,0.0
904,9.040000000000001,18.080000000000002,0.0,0.0,1.0,0.0,0.0,0.0,2.0,0.0,0.0
905,9.05,18.1,0.0,0.0,1.0,0.0,0.0,0.0,2.0,0.0,0.0
906,9.06,18.12,0.0,0.0,1.0,0.0,0.0,0.0,2.0,0.0,0.0
907,9.07,18.14,0.0,0.0,1.0,0.0,0.0,0.0,2.0,0.0,0.0
908,9.08,18.16,0.0,0.0,1.0,0.0,0.0,0.0,2.0,0.0,0.0
909,9.09,18.18,0.0,0.0,1.0,0.0,0.0,0.0,2.0,0.0,0.0
910,9.1,18.2,0.0,0.0,1.0,0.0,0.0,0.0,2.0,0.0,0.0
911,9.11,18.22,0.0,0.0,1.0,0.0,0.0,0.0,2.0,0.0,0.0
912,9.120000000000001,18.240000000000002,0.0,0.0,1.0,0.0,0.0,0.0,2.0,0.0,0.0
913,9.13,18.26,0.0,0.0,1.0,0.0,0.0,0.0,2.0,0.0,0.0
914,9.14,18.28,0.0,0.0,1.0,0.0,0.0,0.0,2.0,0.0,0.0
915,9.15,18.3,0.0,0.0,1.0,0.0,0.0,0.0,2.0,0.0,0.0
916,9.16,18.32,0.0,0.0,1.0,0.0,0.0,0.0,2.0,0.0,0.0
917,9.17,18.34,0.0,0.0,1.0,0.0,0.0,0.0,2.0,0.0,0.0
918,9.18,18.36,0.0,0.0,1.0,0.0,0.0,0.0,2.0,0.0,0.0
919,9.19,18.38,0.0,0.0,1.0,0.0,0.0,0.0,2.0,0.0,0.0
920,9.200000000000001,18.400000000000002,0.0,0.0,1.0,0.0,0.0,0.0,2.0,0.0,0.0
921,9.21,18.42,0.0,0.0,1.0,0.0,0.0,0.0,2.0,0.0,0.0
922,9.22,18.44,0.0,0.0,1.0,0.0,0.0,0.0,2.0,0.0,0.0
923,9.23,18.46,0.0,0.0,1.0,0.0,0.0,0.0,2.0,0.0,0.0
924,9.24,18.48,0.0,0.0,1.0,0.0,0.0,0.0,2.0,0.0,0.0
925,9.25,18.5,0.0,0.0,1.0,0.0,0.0,0.0,2.0,0.0,0.0
926,9.26,18.52,0.0,0.0,1.0,0.0,0.0,0.0,2.0,0.0,0.0
927,9.27,18.54,0.0,0.0,1.0,0.0,0.0,0.0,2.0,0.0,0.0
928,9.28,18.56,0.0,0.0,1.0,0.0,0.0,0.0,2.0,0.0,0.0
929,9.290000000000001,18.580000000000002,0.0,0.0,1.0,0.0,0.0,0.0,2.0,0.0,0.0
930,9.3,18.6,0.0,0.0,1.0,0.0,0.0,0.0,2.0,0.0,0.0
931,9.31,18.62,0.0,0.0,1.0,0.0,0.0,0.0,2.0,0.0,0.0
932,9.32,18.64,0.0,0.0,1.0,0.0,0.0,0.0,2.0,0.0,0.0
933,9.33,18.66,0.0,0.0,1.0,0.0,0.0,0.0,2.0,0.0,0.0
934,9.34,18.68,0.0,0.0,1.0,0.0,0.0,0.0,2.0,0.0,0.0
935,9.35,18.7,0.0,0.0,1.0,0.0,0.0,0.0,2.0,0.0,0.0
936,9.36,18.72,0.0,0.0,1.0,0.0,0.0,0.0,2.0,0.0,0.0
937,9.370000000000001,18.740000000000002,0.0,0.0,1.0,0.0,0.0,0.0,2.0,0.0,0.0
938,9.38,18.76,0.0,0.0,1.0,0.0,0.0,0.0,2.0,0.0,0.0
939,9.39,18.78,0.0,0.0,1.0,0.0,0.0,0.0,2.0,0.0,0.0
940,9.4,18.8,0.0,0.0,1.0,0.0,0.0,0.0,2.0,0.0,0.0
941,9.41,18.82,0.0,0.0,1.0,0.0,0.0,0.0,2.0,0.0,0.0
942,9.42,18.84,0.0,0.0,1.0,0.0,0.0,0.0,2.0,0.0,0.0
943,9.43,18.86,0.0,0.0,1.0,0.0,0.0,0.0,2.0,0.0,0.0
944,9.44,18.88,0.0,0.0,1.0,0.0,0.0,0.0,2.0,0.0,0.0
945,9.450000000000001,18.900000000000002,0.0,0.0,1.0,0.0,0.0,0.0,2.0,0.0,0.0
946,9.46,18.92,0.0,0.0,1.0,0.0,0.0,0.0,2.0,0.0,0.0
947,9.47,18.94,0.0,0.0,1.0,0.0,0.0,0.0,2.0,0.0,0.0
948,9.48,18.96,0.0,0.0,1.0,0.0,0.0,0.0,2.0,0.0,0.0
949,9.49,18.98,0.0,0.0,1.0,0.0,0.0,0.0,2.0,0.0,0.0
950,9.5,19.0,0.0,0.0,1.0,0.0,0.0,0.0,2.0,0.0,0.0
951,9.51,19.02,0.0,0.0,1.0,0.0,0.0,0.0,2.0,0.0,0.0
952,9.52,19.04,0.0,0.0,1.0,0.0,0.0,0.0,2.0,0.0,0.0
953,9.53,19.06,0.0,0.0,1.0,0.0,0.0,0.0,2.0,0.0,0.0
954,9.540000000000001,19.080000000000002,0.0,0.0,1.0,0.0,0.0,0.0,2.0,0.0,0.0
955,9.55,19.1,0.0,0.0,1.0,0.0,0.0,0.0,2.0,0.0,0.0
956,9.56,19.12,0.0,0.0,1.0,0.0,0.0,0.0,2.0,0.0,0.0
957,9.57,19.14,0.0,0.0,1.0,0.0,0.0,0.0,2.0,0.0,0.0
958,9.58,19.16,0.0,0.0,1.0,0.0,0.0,0.0,2.0,0.0,0.0
959,9.59,19.18,0.0,0.0,1.0,0.0,0.0,0.0,2.0,0.0,0.0
960,9.6,19.2,0.0,0.0,1.0,0.0,0.0,0.0,2.0,0.0,0.0
961,9.61,19.22,0.0,0.0,1.0,0.0,0.0,0.0,2.0,0.0,0.0
962,9.620000000000001,19.240000000000002,0.0,0.0,1.0,0.0,0.0,0.0,2.0,0.0,0.0
963,9.63,19.26,0.0,0.0,1.0,0.0,0.0,0.0,2.0,0.0,0.0
964,9.64,19.28,0.0,0.0,1.0,0.0,0.0,0.0,2.0,0.0,0.0
965,9.65,19.3,0.0,0.0,1.0,0.0,0.0,0.0,2.0,0.0,0.0
966,9.66,19.32,0.0,0.0,1.0,0.0,0.0,0.0,2.0,0.0,0.0
967,9.67,19.34,0.0,0.0,1.0,0.0,0.0,0.0,2.0,0.0,0.0
968,9.68,19.36,0.0,0.0,1.0,0.0,0.0,0.0,2.0,0.0,0.0
969,9.69,19.38,0.0,0.0,1.0,0.0,0.0,0.0,2.0,0.0,0.0
970,9.700000000000001,19.400000000000002,0.0,0.0,1.0,0.0,0.0,0.0,2.0,0.0,0.0
971,9.71,19.42,0.0,0.0,1.0,0.0,0.0,0.0,2.0,0.0,0.0
972,9.72,19.44,0.0,0.0,1.0,0.0,0.0,0.0,2.0,0.0,0.0
973,9.73,19.46,0.0,0.0,1.0,0.0,0.0,0.0,2.0,0.0,0.0
974,9.74,19.48,0.0,0.0,1.0,0.0,0.0,0.0,2.0,0.0,0.0
975,9.75,19.5,0.0,0.0,1.0,0.0,0.0,0.0,2.0,0.0,0.0
976,9.76,19.52,0.0,0.0,1.0,0.0,0.0,0.0,2.0,0.0,0.0
977,9.77,19.54,0.0,0.0,1.0,0.0,0.0,0.0,2.0,0.0,0.0
978,9.78,19.56,0.0,0.0,1.0,0.0,0.0,0.0,2.0,0.0,0.0
979,9.790000000000001,19.580000000000002,0.0,0.0,1.0,0.0,0.0,0.0,2.0,0.0,0.0
980,9.8,19.6,0.0,0.0,1.0,0.0,0.0,0.0,2.0,0.0,0.0
981,9.81,19.62,0.0,0.0,1.0,0.0,0.0,0.0,2.0,0.0,0.0
982,9.82,19.64,0.0,0.0,1.0,0.0,0.0,0.0,2.0,0.0,0.0
983,9.83,19.66,0.0,0.0,1.0,0.0,0.0,0.0,2.0,0.0,0.0
984,9.84,19.68,0.0,0.0,1.0,0.0,0.0,0.0,2.0,0.0,0.0
985,9.85,19.7,0.0,0.0,1.0,0.0,0.0,0.0,2.0,0.0,0.0
986,9.86,19.72,0.0,0.0,1.0,0.0,0.0,0.0,2.0,0.0,0.0
987,9.870000000000001,19.740000000000002,0.0,0.0,1.0,0.0,0.0,0.0,2.0,0.0,0.0
988,9.88,19.76,0.0,0.0,1.0,0.0,0.0,0.0,2.0,0.0,0.0
989,9.89,19.78,0.0,0.0,1.0,0.0,0.0,0.0,2.0,0.0,0.0
990,9.9,19.8,0.0,0.0,1.0,0.0,0.0,0.0,2.0,0.0,0.0
991,9.91,19.82,0.0,0.0,1.0,0.0,0.0,0.0,2.0,0.0,0.0
992,9.92,19.84,0.0,0.0,1.0,0.0,0.0,0.0,2.0,0.0,0.0
993,9.93,19.86,0.0,0.0,1.0,0.0,0.0,0.0,2.0,0.0,0.0
994,9.94,19.88,0.0,0.0,1.0,0.0,0.0,0.0,2.0,0.0,0.0
995,9.950000000000001,19.900000000000002,0.0,0.0,1.0,0.0,0.0,0.0,2.0,0.0,0.0
996,9.96,19.92,0.0,0.0,1.0,0.0,0.0,0.0,2.0,0.0,0.0
997,9.97,19.94,0.0,0.0,1.0,0.0,0.0,0.0,2.0,0.0,0.0
998,9.98,19.96,0.0,0.0,1.0,0.0,0.0,0.0,2.0,0.0,0.0
999,9.99,19.98,0.0,0.0,1.0,0.0,0.0,0.0,2.0,0.0,0.0
1000,10.0,20.0,0.0,0.0,1.0,0.0,0.0,0.0,2.0,0.0,0.0
1001,10.01,20.02,0.0,0.0,1.0,0.0,0.0,0.0,2.0,0.0,0.0
1002,10.02,20.04,0.0,0.0,1.0,0.0,0.0,0.0,2.0,0.0,0.0
1003,10.03,20.06,0.0,0.0,1.0,0.0,0.0,0.0,2.0,0.0,0.0
1004,10.040000000000001,20.080000000000002,0.0,0.0,1.0,0.0,0.0,0.0,2.0,0.0,0.0
1005,10.05,20.1,0.0,0.0,1.0,0.0,0.0,0.0,2.0,0.0,0.0
1006,10.06,20.12,0.0,0.0,1.0,0.0,0.0,0.0,2.0,0.0,0.0
1007,10.07,20.14,0.0,0.0,1.0,0.0,0.0,0.0,2.0,0.0,0.0
1008,10.08,20.16,0.0,0.0,1.0,0.0,0.0,0.0,2.0,0.0,0.0
1009,10.09,20.18,0.0,0.0,1.0,0.0,0.0,0.0,2.0,0.0,0.0
1010,10.1,20.2,0.0,0.0,1.0,0.0,0.0,0.0,2.0,0.0,0.0
1011,10.11,20.22,0.0,0.0,1.0,0.0,0.0,0.0,2.0,0.0,0.0
1012,10.120000000000001,20.240000000000002,0.0,0.0,1.0,0.0,0.0,0.0,2.0,0.0,0.0
1013,10.13,20.26,0.0,0.0,1.0,0.0,0.0,0.0,2.0,0.0,0.0
1014,10.14,20.28,0.0,0.0,1.0,0.0,0.0,0.0,2.0,0.0,0.0
1015,10.15,20.3,0.0,0.0,1.0,0.0,0.0,0.0,2.0,0.0,0.0
1016,10.16,20.32,0.0,0.0,1.0,0.0,0.0,0.0,2.0,0.0,0.0
1017,10.17,20.34,0.0,0.0,1.0,0.0,0.0,0.0,2.0,0.0,0.0
1018,10.18,20.36,0.0,0.0,1.0,0.0,0.0,0.0,2.0,0.0,0.0
1019,10.19,20.38,0.0,0.0,1.0,0.0,0.0,0.0,2.0,0.0,0.0
1020,10.200000000000001,20.400000000000002,0.0,0.0,1.0,0.0,0.0,0.0,2.0,0.0,0.0
1021,10.21,20.42,0.0,0.0,1.0,0.0,0.0,0.0,2.0,0.0,0.0
1022,10.22,20.44,0.0,0.0,1.0,0.0,0.0,0.0,2.0,0.0,0.0
1023,10.23,20.46,0.0,0.0,1.0,0.0,0.0,0.0,2.0,0.0,0.0
1024,10.24,20.48,0.0,0.0,1.0,0.0,0.0,0.0,2.0,0.0,0.0
1025,10.25,20.5,0.0,0.0,1.0,0.0,0.0,0.0,2.0,0.0,0.0
1026,10.26,20.52,0.0,0.0,1.0,0.0,0.0,0.0,2.0,0.0,0.0
1027,10.27,20.54,0.0,0.0,1.0,0.0,0.0,0.0,2.0,0.0,0.0
1028,10.28,20.56,0.0,0.0,1.0,0.0,0.0,0.0,2.0,0.0,0.0
1029,10.290000000000001,20.580000000000002,0.0,0.0,1.0,0.0,0.0,0.0,2.0,0.0,0.0
1030,10.3,20.6,0.0,0.0,1.0,0.0,0.0,0.0,2.0,0.0,0.0
1031,10.31,20.62,0.0,0.0,1.0,0.0,0.0,0.0,2.0,0.0,0.0
1032,10.32,20.64,0.0,0.0,1.0,0.0,0.0,0.0,2.0,0.0,0.0
1033,10.33,20.66,0.0,0.0,1.0,0.0,0.0,0.0,2.0,0.0,0.0
1034,10.34,20.68,0.0,0.0,1.0,0.0,0.0,0.0,2.0,0.0,0.0
1035,10.35,20.7,0.0,0.0,1.0,0.0,0.0,0.0,2.0,0.0,0.0
1036,10.36,20.72,0.0,0.0,1.0,0.0,0.0,0.0,2.0,0.0,0.0
1037,10.370000000000001,20.740000000000002,0.0,0.0,1.0,0.0,0.0,0.0,2.0,0.0,0.0
1038,10.38,20.76,0.0,0.0,1.0,0.0,0.0,0.0,2.0,0.0,0.0
1039,10.39,20.78,0.0,0.0,1.0,0.0,0.0,0.0,2.0,0.0,0.0
1040,10.4,20.8,0.0,0.0,1.0,0.0,0.0,0.0,2.0,0.0,0.0
1041,10.41,20.82,0.0,0.0,1.0,0.0,0.0,0.0,2.0,0.0,0.0
1042,10.42,20.84,0.0,0.0,1.0,0.0,0.0,0.0,2.0,0.0,0.0
1043,10.43,20.86,0.0,0.0,1.0,0.0,0.0,0.0,2.0,0.0,0.0
1044,10.44,20.88,0.0,0.0,1.0,0.0,0.0,0.0,2.0,0.0,0.0
1045,10.450000000000001,20.900000000000002,0.0,0.0,1.0,0.0,0.0,0.0,2.0,0.0,0.0
1046,10.46,20.92,0.0,0.0,1.0,0.0,0.0,0.0,2.0,0.0,0.0
1047,10.47,20.94,0.0,0.0,1.0,0.0,0.0,0.0,2.0,0.0,0.0
1048,10.48,20.96,0.0,0.0,1.0,0.0,0.0,0.0,2.0,0.0,0.0
1049,10.49,20.98,0.0,0.0,1.0,0.0,0.0,0.0,2.0,0.0,0.0
1050,10.5,21.0,0.0,0.0,1.0,0.0,0.0,0.0,2.0,0.0,0.0
1051,10.51,21.02,0.0,0.0,1.0,0.0,0.0,0.0,2.0,0.0,0.0
1052,10.52,21.04,0.0,0.0,1.0,0.0,0.0,0.0,2.0,0.0,0.0
1053,10.53,21.06,0.0,0.0,1.0,0.0,0.0,0.0,2.0,0.0,0.0
1054,10.540000000000001,21.080000000000002,0.0,0.0,1.0,0.0,0.0,0.0,2.0,0.0,0.0
1055,10.55,21.1,0.0,0.0,1.0,0.0,0.0,0.0,2.0,0.0,0.0
1056,10.56,21.12,0.0,0.0,1.0,0.0,0.0,0.0,2.0,0.0,0.0
1057,10.57,21.14,0.0,0.0,1.0,0.0,0.0,0.0,2.0,0.0,0.0
1058,10.58,21.16,0.0,0.0,1.0,0.0,0.0,0.0,2.0,0.0,0.0
1059,10.59,21.18,0.0,0.0,1.0,0.0,0.0,0.0,2.0,0.0,0.0
1060,10.6,21.2,0.0,0.0,1.0,0.0,0.0,0.0,2.0,0.0,0.0
1061,10.61,21.22,0.0,0.0,1.0,0.0,0.0,0.0,2.0,0.0,0.0
1062,10.620000000000001,21.240000000000002,0.0,0.0,1.0,0.0,0.0,0.0,2.0,0.0,0.0
1063,10.63,21.26,0.0,0.0,1.0,0.0,0.0,0.0,2.0,0.0,0.0
1064,10.64,21.28,0.0,0.0,1.0,0.0,0.0,0.0,2.0,0.0,0.0
1065,10.65,21.3,0.0,0.0,1.0,0.0,0.0,0.0,2.0,0.0,0.0
1066,10.66,21.32,0.0,0.0,1.0,0.0,0.0,0.0,2.0,0.0,0.0
1067,10.67,21.34,0.0,0.0,1.0,0.0,0.0,0.0,2.0,0.0,0.0
1068,10.68,21.36,0.0,0.0,1.0,0.0,0.0,0.0,2.0,0.0,0.0
1069,10.69,21.38,0.0,0.0,1.0,0.0,0.0,0.0,2.0,0.0,0.0
1070,10.700000000000001,21.400000000000002,0.0,0.0,1.0,0.0,0.0,0.0,2.0,0.0,0.0
1071,10.71,21.42,0.0,0.0,1.0,0.0,0.0,0.0,2.0,0.0,0.0
1072,10.72,21.44,0.0,0.0,1.0,0.0,0.0,0.0,2.0,0.0,0.0
1073,10.73,21.46,0.0,0.0,1.0,0.0,0.0,0.0,2.0,0.0,0.0
1074,10.74,21.48,0.0,0.0,1.0,0.0,0.0,0.0,2.0,0.0,0.0
1075,10.75,21.5,0.0,0.0,1.0,0.0,0.0,0.0,2.0,0.0,0.0
1076,10.76,21.52,0.0,0.0,1.0,0.0,0.0,0.0,2.0,0.0,0.0
1077,10.77,21.54,0.0,0.0,1.0,0.0,0.0,0.0,2.0,0.0,0.0
1078,10.78,21.56,0.0,0.0,1.0,0.0,0.0,0.0,2.0,0.0,0.0
1079,10.790000000000001,21.580000000000002,0.0,0.0,1.0,0.0,0.0,0.0,2.0,0.0,0.0
1080,10.8,21.6,0.0,0.0,1.0,0.0,0.0,0.0,2.0,0.0,0.0
1081,10.81,21.62,0.0,0.0,1.0,0.0,0.0,0.0,2.0,0.0,0.0
1082,10.82,21.64,0.0,0.0,1.0,0.0,0.0,0.0,2.0,0.0,0.0
1083,10.83,21.66,0.0,0.0,1.0,0.0,0.0,0.0,2.0,0.0,0.0
1084,10.84,21.68,0.0,0.0,1.0,0.0,0.0,0.0,2.0,0.0,0.0
1085,10.85,21.7,0.0,0.0,1.0,0.0,0.0,0.0,2.0,0.0,0.0
1086,10.86,21.72,0.0,0.0,1.0,0.0,0.0,0.0,2.0,0.0,0.0
1087,10.870000000000001,21.740000000000002,0.0,0.0,1.0,0.0,0.0,0.0,2.0,0.0,0.0
1088,10.88,21.76,0.0,0.0,1.0,0.0,0.0,0.0,2.0,0.0,0.0
1089,10.89,21.78,0.0,0.0,1.0,0.0,0.0,0.0,2.0,0.0,0.0
1090,10.9,21.8,0.0,0.0,1.0,0.0,0.0,0.0,2.0,0.0,0.0
1091,10.91,21.82,0.0,0.0,1.0,0.0,0.0,0.0,2.0,0.0,0.0
1092,10.92,21.84,0.0,0.0,1.0,0.0,0.0,0.0,2.0,0.0,0.0
1093,10.93,21.86,0.0,0.0,1.0,0.0,0.0,0.0,2.0,0.0,0.0
1094,10.94,21.88,0.0,0.0,1.0,0.0,0.0,0.0,2.0,0.0,0.0
1095,10.950000000000001,21.900000000000002,0.0,0.0,1.0,0.0,0.0,0.0,2.0,0.0,0.0
1096,10.96,21.92,0.0,0.0,1.0,0.0,0.0,0.0,2.0,0.0,0.0
1097,10.97,21.94,0.0,0.0,1.0,0.0,0.0,0.0,2.0,0.0,0.0
1098,10.98,21.96,0.0,0.0,1.0,0.0,0.0,0.0,2.0,0.0,0.0
1099,10.99,21.98,0.0,0.0,1.0,0.0,0.0,0.0,2.0,0.0,0.0
1100,11.0,22.0,0.0,0.0,1.0,0.0,0.0,0.0,2.0,0.0,0.0
1101,11.01,22.02,0.0,0.0,1.0,0.0,0.0,0.0,2.0,0.0,0.0
1102,11.02,22.04,0.0,0.0,1.0,0.0,0.0,0.0,2.0,0.0,0.0
1103,11.03,22.06,0.0,0.0,1.0,0.0,0.0,0.0,2.0,0.0,0.0
1104,11.040000000000001,22.080000000000002,0.0,0.0,1.0,0.0,0.0,0.0,2.0,0.0,0.0
1105,11.05,22.1,0.0,0.0,1.0,0.0,0.0,0.0,2.0,0.0,0.0
1106,11.06,22.12,0.0,0.0,1.0,0.0,0.0,0.0,2.0,0.0,0.0
1107,11.07,22.14,0.0,0.0,1.0,0.0,0.0,0.0,2.0,0.0,0.0
1108,11.08,22.16,0.0,0.0,1.0,0.0,0.0,0.0,2.0,0.0,0.0
1109,11.09,22.18,0.0,0.0,1.0,0.0,0.0,0.0,2.0,0.0,0.0
1110,11.1,22.2,0.0,0.0,1.0,0.0,0.0,0.0,2.0,0.0,0.0
1111,11.11,22.22,0.0,0.0,1.0,0.0,0.0,0.0,2.0,0.0,0.0
1112,11.120000000000001,22.240000000000002,0.0,0.0,1.0,0.0,0.0,0.0,2.0,0.0,0.0
1113,11.13,22.26,0.0,0.0,1.0,0.0,0.0,0.0,2.0,0.0,0.0
1114,11.14,22.28,0.0,0.0,1.0,0.0,0.0,0.0,2.0,0.0,0.0
1115,11.15,22.3,0.0,0.0,1.0,0.0,0.0,0.0,2.0,0.0,0.0
1116,11.16,22.32,0.0,0.0,1.0,0.0,0.0,0.0,2.0,0.0,0.0
1117,11.17,22.34,0.0,0.0,1.0,0.0,0.0,0.0,2.0,0.0,0.0
1118,11.18,22.36,0.0,0.0,1.0,0.0,0.0,0.0,2.0,0.0,0.0
1119,11.19,22.38,0.0,0.0,1.0,0.0,0.0,0.0,2.0,0.0,0.0
1120,11.200000000000001,22.400000000000002,0.0,0.0,1.0,0.0,0.0,0.0,2.0,0.0,0.0
1121,11.21,22.42,0.0,0.0,1.0,0.0,0.0,0.0,2.0,0.0,0.0
1122,11.22,22.44,0.0,0.0,1.0,0.0,0.0,0.0,2.0,0.0,0.0
1123,11.23,22.46,0.0,0.0,1.0,0.0,0.0,0.0,2.0,0.0,0.0
1124,11.24,22.48,0.0,0.0,1.0,0.0,0.0,0.0,2.0,0.0,0.0
1125,11.25,22.5,0.0,0.0,1.0,0.0,0.0,0.0,2.0,0.0,0.0
1126,11.26,22.52,0.0,0.0,1.0,0.0,0.0,0.0,2.0,0.0,0.0
1127,11.27,22.54,0.0,0.0,1.0,0.0,0.0,0.0,2.0,0.0,0.0
1128,11.28,22.56,0.0,0.0,1.0,0.0,0.0,0.0,2.0,0.0,0.0
1129,11.290000000000001,22.580000000000002,0.0,0.0,1.0,0.0,0.0,0.0,2.0,0.0,0.0
1130,11.3,22.6,0.0,0.0,1.0,0.0,0.0,0.0,2.0,0.0,0.0
1131,11.31,22.62,0.0,0.0,1.0,0.0,0.0,0.0,2.0,0.0,0.0
1132,11.32,22.64,0.0,0.0,1.0,0.0,0.0,0.0,2.0,0.0,0.0
1133,11.33,22.66,0.0,0.0,1.0,0.0,0.0,0.0,2.0,0.0,0.0
1134,11.34,22.68,0.0,0.0,1.0,0.0,0.0,0.0,2.0,0.0,0.0
1135,11.35,22.7,0.0,0.0,1.0,0.0,0.0,0.0,2.0,0.0,0.0
1136,11.36,22.72,0.0,0.0,1.0,0.0,0.0,0.0,2.0,0.0,0.0
1137,11.370000000000001,22.740000000000002,0.0,0.0,1.0,0.0,0.0,0.0,2.0,0.0,0.0
1138,11.38,22.76,0.0,0.0,1.0,0.0,0.0,0.0,2.0,0.0,0.0
1139,11.39,22.78,0.0,0.0,1.0,0.0,0.0,0.0,2.0,0.0,0.0
1140,11.4,22.8,0.0,0.0,1.0,0.0,0.0,0.0,2.0,0.0,0.0
1141,11.41,22.82,0.0,0.0,1.0,0.0,0.0,0.0,2.0,0.0,0.0
1142,11.42,22.84,0.0,0.0,1.0,0.0,0.0,0.0,2.0,0.0,0.0
1143,11.43,22.86,0.0,0.0,1.0,0.0,0.0,0.0,2.0,0.0,0.0
1144,11.44,22.88,0.0,0.0,1.0,0.0,0.0,0.0,2.0,0.0,0.0
1145,11.450000000000001,22.900000000000002,0.0,0.0,1.0,0.0,0.0,0.0,2.0,0.0,0.0
1146,11.46,22.92,0.0,0.0,1.0,0.0,0.0,0.0,2.0,0.0,0.0
1147,11.47,22.94,0.0,0.0,1.0,0.0,0.0,0.0,2.0,0.0,0.0
1148,11.48,22.96,0.0,0.0,1.0,0.0,0.0,0.0,2.0,0.0,0.0
1149,11.49,22.98,0.0,0.0,1.0,0.0,0.0,0.0,2.0,0.0,0.0
1150,11.5,23.0,0.0,0.0,1.0,0.0,0.0,0.0,2.0,0.0,0.0
1151,11.51,23.02,0.0,0.0,1.0,0.0,0.0,0.0,2.0,0.0,0.0
1152,11.52,23.04,0.0,0.0,1.0,0.0,0.0,0.0,2.0,0.0,0.0
1153,11.53,23.06,0.0,0.0,1.0,0.0,0.0,0.0,2.0,0.0,0.0
1154,11.540000000000001,23.080000000000002,0.0,0.0,1.0,0.0,0.0,0.0,2.0,0.0,0.0
1155,11.55,23.1,0.0,0.0,1.0,0.0,0.0,0.0,2.0,0.0,0.0
1156,11.56,23.12,0.0,0.0,1.0,0.0,0.0,0.0,2.0,0.0,0.0
1157,11.57,23.14,0.0,0.0,1.0,0.0,0.0,0.0,2.0,0.0,0.0
1158,11.58,23.16,0.0,0.0,1.0,0.0,0.0,0.0,2.0,0.0,0.0
1159,11.59,23.18,0.0,0.0,1.0,0.0,0.0,0.0,2.0,0.0,0.0
1160,11.6,23.2,0.0,0.0,1.0,0.0,0.0,0.0,2.0,0.0,0.0
1161,11.61,23.22,0.0,0.0,1.0,0.0,0.0,0.0,2.0,0.0,0.0
1162,11.620000000000001,23.240000000000002,0.0,0.0,1.0,0.0,0.0,0.0,2.0,0.0,0.0
1163,11.63,23.26,0.0,0.0,1.0,0.0,0.0,0.0,2.0,0.0,0.0
1164,11.64,23.28,0.0,0.0,1.0,0.0,0.0,0.0,2.0,0.0,0.0
1165,11.65,23.3,0.0,0.0,1.0,0.0,0.0,0.0,2.0,0.0,0.0
1166,11.66,23.32,0.0,0.0,1.0,0.0,0.0,0.0,2.0,0.0,0.0
1167,11.67,23.34,0.0,0.0,1.0,0.0,0.0,0.0,2.0,0.0,0.0
1168,11.68,23.36,0.0,0.0,1.0,0.0,0.0,0.0,2.0,0.0,0.0
1169,11.69,23.38,0.0,0.0,1.0,0.0,0.0,0.0,2.0,0.0,0.0
1170,11.700000000000001,23.400000000000002,0.0,0.0,1.0,0.0,0.0,0.0,2.0,0.0,0.0
1171,11.71,23.42,0.0,0.0,1.0,0.0,0.0,0.0,2.0,0.0,0.0
1172,11.72,23.44,0.0,0.0,1.0,0.0,0.0,0.0,2.0,0.0,0.0
1173,11.73,23.46,0.0,0.0,1.0,0.0,0.0,0.0,2.0,0.0,0.0
1174,11.74,23.48,0.0,0.0,1.0,0.0,0.0,0.0,2.0,0.0,0.0
1175,11.75,23.5,0.0,0.0,1.0,0.0,0.0,0.0,2.0,0.0,0.0
1176,11.76,23.52,0.0,0.0,1.0,0.0,0.0,0.0,2.0,0.0,0.0
1177,11.77,23.54,0.0,0.0,1.0,0.0,0.0,0.0,2.0,0.0,0.0
1178,11.78,23.56,0.0,0.0,1.0,0.0,0.0,0.0,2.0,0.0,0.0
1179,11.790000000000001,23.580000000000002,0.0,0.0,1.0,0.0,0.0,0.0,2.0,0.0,0.0
1180,11.8,23.6,0.0,0.0,1.0,0.0,0.0,0.0,2.0,0.0,0.0
1181,11.81,23.62,0.0,0.0,1.0,0.0,0.0,0.0,2.0,0.0,0.0
1182,11.82,23.64,0.0,0.0,1.0,0.0,0.0,0.0,2.0,0.0,0.0
1183,11.83,23.66,0.0,0.0,1.0,0.0,0.0,0.0,2.0,0.0,0.0
1184,11.84,23.68,0.0,0.0,1.0,0.0,0.0,0.0,2.0,0.0,0.0
1185,11.85,23.7,0.0,0.0,1.0,0.0,0.0,0.0,2.0,0.0,0.0
1186,11.86,23.72,0.0,0.0,1.0,0.0,0.0,0.0,2.0,0.0,0.0
1187,11.870000000000001,23.740000000000002,0.0,0.0,1.0,0.0,0.0,0.0,2.0,0.0,0.0
1188,11.88,23.76,0.0,0.0,1.0,0.0,0.0,0.0,2.0,0.0,0.0
1189,11.89,23.78,0.0,0.0,1.0,0.0,0.0,0.0,2.0,0.0,0.0
1190,11.9,23.8,0.0,0.0,1.0,0.0,0.0,0.0,2.0,0.0,0.0
1191,11.91,23.82,0.0,0.0,1.0,0.0,0.0,0.0,2.0,0.0,0.0
1192,11.92,23.84,0.0,0.0,1.0,0.0,0.0,0.0,2.0,0.0,0.0
1193,11.93,23.86,0.0,0.0,1.0,0.0,0.0,0.0,2.0,0.0,0.0
1194,11.94,23.88,0.0,0.0,1.0,0.0,0.0,0.0,2.0,0.0,0.0
1195,11.950000000000001,23.900000000000002,0.0,0.0,1.0,0.0,0.0,0.0,2.0,0.0,0.0
1196,11.96,23.92,0.0,0.0,1.0,0.0,0.0,0.0,2.0,0.0,0.0
1197,11.97,23.94,0.0,0.0,1.0,0.0,0.0,0.0,2.0,0.0,0.0
1198,11.98,23.96,0.0,0.0,1.0,0.0,0.0,0.0,2.0,0.0,0.0
1199,11.99,23.98,0.0,0.0,1.0,0.0,0.0,0.0,2.0,0.0,0.0
1200,12.0,24.0,0.0,0.0,1.0,0.0,0.0,0.0,2.0,0.0,0.0
